<?xml version="1.0" encoding="utf-8" standalone="yes"?>
<gpx version="1.1" creator="Locus Map, Android"
 xmlns="http://www.topografix.com/GPX/1/1"
 xmlns:xsi="http://www.w3.org/2001/XMLSchema-instance"
 xsi:schemaLocation="http://www.topografix.com/GPX/1/1 http://www.topografix.com/GPX/1/1/gpx.xsd"
 xmlns:gpxx="http://www.garmin.com/xmlschemas/GpxExtensions/v3"
 xmlns:gpxtrkx="http://www.garmin.com/xmlschemas/TrackStatsExtension/v1"
 xmlns:gpxtpx="http://www.garmin.com/xmlschemas/TrackPointExtension/v2"
 xmlns:locus="http://www.locusmap.eu">
	<metadata>
		<desc>File with points/tracks from Locus Map/4.14.2</desc>
		<time>2023-02-17T09:24:50.344Z</time>
	</metadata>
<trk>
<name>Everest Base Camp</name>
<desc><![CDATA[Everest Basecamp Nepal]]></desc>
	<link href="https://www.outdooractive.com/r/240405054">
	</link>
	<extensions>
		<line xmlns="http://www.topografix.com/GPX/gpx_style/0/2">
			<color>0000FF</color>
			<opacity>0.59</opacity>
			<width>6.0</width>
			<extensions>
				<locus:lsColorBase>#960000FF</locus:lsColorBase>
				<locus:lsWidth>6.0</locus:lsWidth>
				<locus:lsUnits>PIXELS</locus:lsUnits>
			</extensions>
		</line>
		<locus:activity>hiking</locus:activity>
	</extensions>
<trkseg>
<trkpt lat="27.687073" lon="86.731908">
	<ele>2855.28</ele>
</trkpt>
<trkpt lat="27.687235" lon="86.732303">
	<ele>2864.39</ele>
</trkpt>
<trkpt lat="27.687278" lon="86.732306">
	<ele>2864.64</ele>
</trkpt>
<trkpt lat="27.687588" lon="86.732183">
	<ele>2864.11</ele>
</trkpt>
<trkpt lat="27.687829" lon="86.732072">
	<ele>2864.66</ele>
</trkpt>
<trkpt lat="27.687976" lon="86.732052">
	<ele>2866.37</ele>
</trkpt>
<trkpt lat="27.688035" lon="86.732053">
	<ele>2867.34</ele>
</trkpt>
<trkpt lat="27.688109" lon="86.732000">
	<ele>2867.04</ele>
</trkpt>
<trkpt lat="27.688188" lon="86.731940">
	<ele>2866.65</ele>
</trkpt>
<trkpt lat="27.688223" lon="86.731905">
	<ele>2866.26</ele>
</trkpt>
<trkpt lat="27.688226" lon="86.731750">
	<ele>2862.42</ele>
</trkpt>
<trkpt lat="27.688185" lon="86.731552">
	<ele>2857.51</ele>
</trkpt>
<trkpt lat="27.688145" lon="86.731336">
	<ele>2854.09</ele>
</trkpt>
<trkpt lat="27.688237" lon="86.731287">
	<ele>2854.64</ele>
</trkpt>
<trkpt lat="27.688430" lon="86.731180">
	<ele>2855.88</ele>
</trkpt>
<trkpt lat="27.688542" lon="86.731075">
	<ele>2855.93</ele>
</trkpt>
<trkpt lat="27.688602" lon="86.731018">
	<ele>2855.82</ele>
</trkpt>
<trkpt lat="27.688744" lon="86.730826">
	<ele>2854.41</ele>
</trkpt>
<trkpt lat="27.688760" lon="86.730804">
	<ele>2854.23</ele>
</trkpt>
<trkpt lat="27.688917" lon="86.730525">
	<ele>2852.74</ele>
</trkpt>
<trkpt lat="27.689013" lon="86.730314">
	<ele>2852.71</ele>
</trkpt>
<trkpt lat="27.689048" lon="86.730237">
	<ele>2852.84</ele>
</trkpt>
<trkpt lat="27.689102" lon="86.730083">
	<ele>2852.72</ele>
</trkpt>
<trkpt lat="27.689196" lon="86.729932">
	<ele>2852.69</ele>
</trkpt>
<trkpt lat="27.689283" lon="86.729834">
	<ele>2852.67</ele>
</trkpt>
<trkpt lat="27.689467" lon="86.729603">
	<ele>2851.48</ele>
</trkpt>
<trkpt lat="27.689639" lon="86.729402">
	<ele>2850.29</ele>
</trkpt>
<trkpt lat="27.689811" lon="86.729202">
	<ele>2849.47</ele>
</trkpt>
<trkpt lat="27.689997" lon="86.729060">
	<ele>2849.89</ele>
</trkpt>
<trkpt lat="27.690188" lon="86.728949">
	<ele>2850.76</ele>
</trkpt>
<trkpt lat="27.690190" lon="86.728876">
	<ele>2850.17</ele>
</trkpt>
<trkpt lat="27.690178" lon="86.728792">
	<ele>2849.41</ele>
</trkpt>
<trkpt lat="27.690128" lon="86.728497">
	<ele>2846.66</ele>
</trkpt>
<trkpt lat="27.690069" lon="86.728524">
	<ele>2846.54</ele>
</trkpt>
<trkpt lat="27.689983" lon="86.728546">
	<ele>2846.10</ele>
</trkpt>
<trkpt lat="27.689903" lon="86.728556">
	<ele>2845.46</ele>
</trkpt>
<trkpt lat="27.689727" lon="86.728722">
	<ele>2844.73</ele>
</trkpt>
<trkpt lat="27.689709" lon="86.728732">
	<ele>2844.58</ele>
</trkpt>
<trkpt lat="27.689687" lon="86.728720">
	<ele>2844.25</ele>
</trkpt>
<trkpt lat="27.689660" lon="86.728710">
	<ele>2843.85</ele>
</trkpt>
<trkpt lat="27.689595" lon="86.728738">
	<ele>2843.26</ele>
</trkpt>
<trkpt lat="27.689573" lon="86.728752">
	<ele>2843.09</ele>
</trkpt>
<trkpt lat="27.689561" lon="86.728712">
	<ele>2842.65</ele>
</trkpt>
<trkpt lat="27.689527" lon="86.728630">
	<ele>2841.59</ele>
</trkpt>
<trkpt lat="27.689511" lon="86.728579">
	<ele>2840.96</ele>
</trkpt>
<trkpt lat="27.689491" lon="86.728549">
	<ele>2840.43</ele>
</trkpt>
<trkpt lat="27.689445" lon="86.728503">
	<ele>2839.38</ele>
</trkpt>
<trkpt lat="27.689370" lon="86.728459">
	<ele>2837.93</ele>
</trkpt>
<trkpt lat="27.689309" lon="86.728448">
	<ele>2837.03</ele>
</trkpt>
<trkpt lat="27.689277" lon="86.728437">
	<ele>2836.51</ele>
</trkpt>
<trkpt lat="27.689252" lon="86.728429">
	<ele>2836.12</ele>
</trkpt>
<trkpt lat="27.689158" lon="86.728455">
	<ele>2835.37</ele>
</trkpt>
<trkpt lat="27.689098" lon="86.728490">
	<ele>2835.13</ele>
</trkpt>
<trkpt lat="27.689044" lon="86.728540">
	<ele>2835.09</ele>
</trkpt>
<trkpt lat="27.688985" lon="86.728609">
	<ele>2835.13</ele>
</trkpt>
<trkpt lat="27.688962" lon="86.728610">
	<ele>2834.91</ele>
</trkpt>
<trkpt lat="27.688882" lon="86.728573">
	<ele>2833.86</ele>
</trkpt>
<trkpt lat="27.688807" lon="86.728532">
	<ele>2832.87</ele>
</trkpt>
<trkpt lat="27.688882" lon="86.728573">
	<ele>2833.86</ele>
</trkpt>
<trkpt lat="27.688962" lon="86.728610">
	<ele>2834.91</ele>
</trkpt>
<trkpt lat="27.688985" lon="86.728609">
	<ele>2835.13</ele>
</trkpt>
<trkpt lat="27.689044" lon="86.728540">
	<ele>2835.09</ele>
</trkpt>
<trkpt lat="27.689098" lon="86.728490">
	<ele>2835.13</ele>
</trkpt>
<trkpt lat="27.689158" lon="86.728455">
	<ele>2835.37</ele>
</trkpt>
<trkpt lat="27.689252" lon="86.728429">
	<ele>2836.12</ele>
</trkpt>
<trkpt lat="27.689277" lon="86.728437">
	<ele>2836.51</ele>
</trkpt>
<trkpt lat="27.689309" lon="86.728448">
	<ele>2837.03</ele>
</trkpt>
<trkpt lat="27.689370" lon="86.728459">
	<ele>2837.93</ele>
</trkpt>
<trkpt lat="27.689445" lon="86.728503">
	<ele>2839.38</ele>
</trkpt>
<trkpt lat="27.689491" lon="86.728549">
	<ele>2840.43</ele>
</trkpt>
<trkpt lat="27.689511" lon="86.728579">
	<ele>2840.96</ele>
</trkpt>
<trkpt lat="27.689527" lon="86.728630">
	<ele>2841.59</ele>
</trkpt>
<trkpt lat="27.689561" lon="86.728712">
	<ele>2842.65</ele>
</trkpt>
<trkpt lat="27.689573" lon="86.728752">
	<ele>2843.09</ele>
</trkpt>
<trkpt lat="27.689595" lon="86.728738">
	<ele>2843.26</ele>
</trkpt>
<trkpt lat="27.689660" lon="86.728710">
	<ele>2843.85</ele>
</trkpt>
<trkpt lat="27.689687" lon="86.728720">
	<ele>2844.25</ele>
</trkpt>
<trkpt lat="27.689709" lon="86.728732">
	<ele>2844.58</ele>
</trkpt>
<trkpt lat="27.689727" lon="86.728722">
	<ele>2844.73</ele>
</trkpt>
<trkpt lat="27.689903" lon="86.728556">
	<ele>2845.46</ele>
</trkpt>
<trkpt lat="27.689983" lon="86.728546">
	<ele>2846.10</ele>
</trkpt>
<trkpt lat="27.690069" lon="86.728524">
	<ele>2846.54</ele>
</trkpt>
<trkpt lat="27.690128" lon="86.728497">
	<ele>2846.66</ele>
</trkpt>
<trkpt lat="27.690178" lon="86.728792">
	<ele>2849.41</ele>
</trkpt>
<trkpt lat="27.690190" lon="86.728876">
	<ele>2850.17</ele>
</trkpt>
<trkpt lat="27.690188" lon="86.728949">
	<ele>2850.76</ele>
</trkpt>
<trkpt lat="27.690319" lon="86.728926">
	<ele>2851.70</ele>
</trkpt>
<trkpt lat="27.690446" lon="86.728904">
	<ele>2852.46</ele>
</trkpt>
<trkpt lat="27.690695" lon="86.728831">
	<ele>2853.04</ele>
</trkpt>
<trkpt lat="27.691069" lon="86.728622">
	<ele>2850.65</ele>
</trkpt>
<trkpt lat="27.691287" lon="86.728572">
	<ele>2849.62</ele>
</trkpt>
<trkpt lat="27.691440" lon="86.728574">
	<ele>2849.48</ele>
</trkpt>
<trkpt lat="27.691500" lon="86.728568">
	<ele>2849.32</ele>
</trkpt>
<trkpt lat="27.691538" lon="86.728491">
	<ele>2847.91</ele>
</trkpt>
<trkpt lat="27.691557" lon="86.728402">
	<ele>2846.27</ele>
</trkpt>
<trkpt lat="27.691594" lon="86.728304">
	<ele>2844.44</ele>
</trkpt>
<trkpt lat="27.691632" lon="86.728237">
	<ele>2843.17</ele>
</trkpt>
<trkpt lat="27.691688" lon="86.728209">
	<ele>2842.67</ele>
</trkpt>
<trkpt lat="27.691768" lon="86.728149">
	<ele>2841.67</ele>
</trkpt>
<trkpt lat="27.691886" lon="86.728087">
	<ele>2841.01</ele>
</trkpt>
<trkpt lat="27.692048" lon="86.728023">
	<ele>2841.07</ele>
</trkpt>
<trkpt lat="27.692142" lon="86.727987">
	<ele>2841.34</ele>
</trkpt>
<trkpt lat="27.692253" lon="86.727952">
	<ele>2841.80</ele>
</trkpt>
<trkpt lat="27.692316" lon="86.727989">
	<ele>2842.57</ele>
</trkpt>
<trkpt lat="27.692348" lon="86.728057">
	<ele>2843.37</ele>
</trkpt>
<trkpt lat="27.692408" lon="86.728107">
	<ele>2844.05</ele>
</trkpt>
<trkpt lat="27.692456" lon="86.728132">
	<ele>2844.41</ele>
</trkpt>
<trkpt lat="27.692494" lon="86.728086">
	<ele>2844.03</ele>
</trkpt>
<trkpt lat="27.692508" lon="86.728049">
	<ele>2843.68</ele>
</trkpt>
<trkpt lat="27.692508" lon="86.728048">
	<ele>2843.67</ele>
</trkpt>
<trkpt lat="27.692568" lon="86.727957">
	<ele>2842.57</ele>
</trkpt>
<trkpt lat="27.692612" lon="86.727932">
	<ele>2841.94</ele>
</trkpt>
<trkpt lat="27.692684" lon="86.727994">
	<ele>2842.02</ele>
</trkpt>
<trkpt lat="27.692755" lon="86.728099">
	<ele>2842.87</ele>
</trkpt>
<trkpt lat="27.692824" lon="86.728193">
	<ele>2844.06</ele>
</trkpt>
<trkpt lat="27.692949" lon="86.728263">
	<ele>2845.22</ele>
</trkpt>
<trkpt lat="27.693002" lon="86.728349">
	<ele>2847.68</ele>
</trkpt>
<trkpt lat="27.693078" lon="86.728483">
	<ele>2852.30</ele>
</trkpt>
<trkpt lat="27.693151" lon="86.728466">
	<ele>2852.65</ele>
</trkpt>
<trkpt lat="27.693221" lon="86.728373">
	<ele>2850.41</ele>
</trkpt>
<trkpt lat="27.693301" lon="86.728306">
	<ele>2849.29</ele>
</trkpt>
<trkpt lat="27.693342" lon="86.728204">
	<ele>2846.28</ele>
</trkpt>
<trkpt lat="27.693458" lon="86.728070">
	<ele>2843.86</ele>
</trkpt>
<trkpt lat="27.693508" lon="86.727873">
	<ele>2837.28</ele>
</trkpt>
<trkpt lat="27.693546" lon="86.727735">
	<ele>2832.42</ele>
</trkpt>
<trkpt lat="27.693639" lon="86.727637">
	<ele>2830.97</ele>
</trkpt>
<trkpt lat="27.693646" lon="86.727568">
	<ele>2827.83</ele>
</trkpt>
<trkpt lat="27.693679" lon="86.727434">
	<ele>2821.91</ele>
</trkpt>
<trkpt lat="27.693772" lon="86.727280">
	<ele>2816.37</ele>
</trkpt>
<trkpt lat="27.693953" lon="86.727146">
	<ele>2815.32</ele>
</trkpt>
<trkpt lat="27.694146" lon="86.727022">
	<ele>2814.14</ele>
</trkpt>
<trkpt lat="27.694308" lon="86.726938">
	<ele>2812.94</ele>
</trkpt>
<trkpt lat="27.694427" lon="86.726855">
	<ele>2810.24</ele>
</trkpt>
<trkpt lat="27.694522" lon="86.726850">
	<ele>2812.34</ele>
</trkpt>
<trkpt lat="27.694618" lon="86.726804">
	<ele>2811.43</ele>
</trkpt>
<trkpt lat="27.694692" lon="86.726718">
	<ele>2807.11</ele>
</trkpt>
<trkpt lat="27.694725" lon="86.726594">
	<ele>2799.66</ele>
</trkpt>
<trkpt lat="27.694841" lon="86.726516">
	<ele>2797.34</ele>
</trkpt>
<trkpt lat="27.694986" lon="86.726451">
	<ele>2796.71</ele>
</trkpt>
<trkpt lat="27.695040" lon="86.726365">
	<ele>2792.88</ele>
</trkpt>
<trkpt lat="27.695059" lon="86.726249">
	<ele>2786.70</ele>
</trkpt>
<trkpt lat="27.695095" lon="86.726178">
	<ele>2783.59</ele>
</trkpt>
<trkpt lat="27.695171" lon="86.726141">
	<ele>2783.22</ele>
</trkpt>
<trkpt lat="27.695249" lon="86.726066">
	<ele>2780.80</ele>
</trkpt>
<trkpt lat="27.695299" lon="86.726042">
	<ele>2780.54</ele>
</trkpt>
<trkpt lat="27.695418" lon="86.726015">
	<ele>2781.62</ele>
</trkpt>
<trkpt lat="27.695560" lon="86.725954">
	<ele>2781.56</ele>
</trkpt>
<trkpt lat="27.695702" lon="86.725953">
	<ele>2785.46</ele>
</trkpt>
<trkpt lat="27.695753" lon="86.725878">
	<ele>2782.78</ele>
</trkpt>
<trkpt lat="27.695763" lon="86.725845">
	<ele>2781.18</ele>
</trkpt>
<trkpt lat="27.695777" lon="86.725800">
	<ele>2778.99</ele>
</trkpt>
<trkpt lat="27.695830" lon="86.725756">
	<ele>2778.23</ele>
</trkpt>
<trkpt lat="27.695903" lon="86.725655">
	<ele>2774.86</ele>
</trkpt>
<trkpt lat="27.695970" lon="86.725589">
	<ele>2773.56</ele>
</trkpt>
<trkpt lat="27.696028" lon="86.725583">
	<ele>2775.77</ele>
</trkpt>
<trkpt lat="27.696092" lon="86.725578">
	<ele>2778.49</ele>
</trkpt>
<trkpt lat="27.696177" lon="86.725586">
	<ele>2783.26</ele>
</trkpt>
<trkpt lat="27.696246" lon="86.725540">
	<ele>2783.96</ele>
</trkpt>
<trkpt lat="27.696254" lon="86.725473">
	<ele>2780.10</ele>
</trkpt>
<trkpt lat="27.696255" lon="86.725412">
	<ele>2776.25</ele>
</trkpt>
<trkpt lat="27.696261" lon="86.725333">
	<ele>2771.51</ele>
</trkpt>
<trkpt lat="27.696245" lon="86.725298">
	<ele>2768.45</ele>
</trkpt>
<trkpt lat="27.696315" lon="86.725236">
	<ele>2768.26</ele>
</trkpt>
<trkpt lat="27.696304" lon="86.725194">
	<ele>2765.03</ele>
</trkpt>
<trkpt lat="27.696441" lon="86.725094">
	<ele>2766.21</ele>
</trkpt>
<trkpt lat="27.696593" lon="86.724951">
	<ele>2765.64</ele>
</trkpt>
<trkpt lat="27.696669" lon="86.724843">
	<ele>2762.53</ele>
</trkpt>
<trkpt lat="27.696761" lon="86.724711">
	<ele>2758.31</ele>
</trkpt>
<trkpt lat="27.696935" lon="86.724428">
	<ele>2748.46</ele>
</trkpt>
<trkpt lat="27.697167" lon="86.724115">
	<ele>2743.75</ele>
</trkpt>
<trkpt lat="27.697399" lon="86.723802">
	<ele>2740.32</ele>
</trkpt>
<trkpt lat="27.697529" lon="86.723523">
	<ele>2731.58</ele>
</trkpt>
<trkpt lat="27.697576" lon="86.723494">
	<ele>2732.21</ele>
</trkpt>
<trkpt lat="27.697612" lon="86.723462">
	<ele>2732.15</ele>
</trkpt>
<trkpt lat="27.697644" lon="86.723428">
	<ele>2731.78</ele>
</trkpt>
<trkpt lat="27.697658" lon="86.723361">
	<ele>2728.87</ele>
</trkpt>
<trkpt lat="27.697712" lon="86.723287">
	<ele>2727.44</ele>
</trkpt>
<trkpt lat="27.697788" lon="86.723236">
	<ele>2728.10</ele>
</trkpt>
<trkpt lat="27.697927" lon="86.723196">
	<ele>2732.23</ele>
</trkpt>
<trkpt lat="27.697954" lon="86.723188">
	<ele>2733.06</ele>
</trkpt>
<trkpt lat="27.698035" lon="86.723153">
	<ele>2734.99</ele>
</trkpt>
<trkpt lat="27.698215" lon="86.722916">
	<ele>2730.22</ele>
</trkpt>
<trkpt lat="27.698396" lon="86.722678">
	<ele>2725.61</ele>
</trkpt>
<trkpt lat="27.698629" lon="86.722446">
	<ele>2724.22</ele>
</trkpt>
<trkpt lat="27.698678" lon="86.722386">
	<ele>2723.60</ele>
</trkpt>
<trkpt lat="27.698772" lon="86.722280">
	<ele>2723.01</ele>
</trkpt>
<trkpt lat="27.698875" lon="86.722153">
	<ele>2722.17</ele>
</trkpt>
<trkpt lat="27.699028" lon="86.722014">
	<ele>2722.93</ele>
</trkpt>
<trkpt lat="27.699136" lon="86.721895">
	<ele>2722.90</ele>
</trkpt>
<trkpt lat="27.699247" lon="86.721735">
	<ele>2721.60</ele>
</trkpt>
<trkpt lat="27.699349" lon="86.721569">
	<ele>2719.46</ele>
</trkpt>
<trkpt lat="27.699411" lon="86.721421">
	<ele>2716.37</ele>
</trkpt>
<trkpt lat="27.699461" lon="86.721387">
	<ele>2717.06</ele>
</trkpt>
<trkpt lat="27.699509" lon="86.721354">
	<ele>2717.68</ele>
</trkpt>
<trkpt lat="27.699640" lon="86.721252">
	<ele>2718.65</ele>
</trkpt>
<trkpt lat="27.699697" lon="86.721211">
	<ele>2719.08</ele>
</trkpt>
<trkpt lat="27.699778" lon="86.721101">
	<ele>2717.15</ele>
</trkpt>
<trkpt lat="27.699787" lon="86.721096">
	<ele>2717.26</ele>
</trkpt>
<trkpt lat="27.699904" lon="86.721032">
	<ele>2718.64</ele>
</trkpt>
<trkpt lat="27.700022" lon="86.720922">
	<ele>2717.86</ele>
</trkpt>
<trkpt lat="27.700096" lon="86.720830">
	<ele>2716.49</ele>
</trkpt>
<trkpt lat="27.700174" lon="86.720771">
	<ele>2716.99</ele>
</trkpt>
<trkpt lat="27.700238" lon="86.720702">
	<ele>2716.57</ele>
</trkpt>
<trkpt lat="27.700327" lon="86.720641">
	<ele>2717.68</ele>
</trkpt>
<trkpt lat="27.700436" lon="86.720549">
	<ele>2718.41</ele>
</trkpt>
<trkpt lat="27.700616" lon="86.720278">
	<ele>2714.47</ele>
</trkpt>
<trkpt lat="27.700706" lon="86.720128">
	<ele>2711.70</ele>
</trkpt>
<trkpt lat="27.700811" lon="86.720026">
	<ele>2711.30</ele>
</trkpt>
<trkpt lat="27.700941" lon="86.719978">
	<ele>2714.32</ele>
</trkpt>
<trkpt lat="27.701003" lon="86.719937">
	<ele>2715.04</ele>
</trkpt>
<trkpt lat="27.701053" lon="86.719862">
	<ele>2713.61</ele>
</trkpt>
<trkpt lat="27.701168" lon="86.719799">
	<ele>2715.57</ele>
</trkpt>
<trkpt lat="27.701233" lon="86.719696">
	<ele>2713.30</ele>
</trkpt>
<trkpt lat="27.701324" lon="86.719623">
	<ele>2713.63</ele>
</trkpt>
<trkpt lat="27.701453" lon="86.719509">
	<ele>2713.58</ele>
</trkpt>
<trkpt lat="27.701559" lon="86.719390">
	<ele>2712.42</ele>
</trkpt>
<trkpt lat="27.701678" lon="86.719248">
	<ele>2711.07</ele>
</trkpt>
<trkpt lat="27.701787" lon="86.719111">
	<ele>2710.78</ele>
</trkpt>
<trkpt lat="27.701894" lon="86.718972">
	<ele>2711.71</ele>
</trkpt>
<trkpt lat="27.701960" lon="86.718854">
	<ele>2711.43</ele>
</trkpt>
<trkpt lat="27.701993" lon="86.718730">
	<ele>2708.90</ele>
</trkpt>
<trkpt lat="27.702048" lon="86.718403">
	<ele>2701.12</ele>
</trkpt>
<trkpt lat="27.702100" lon="86.718116">
	<ele>2696.75</ele>
</trkpt>
<trkpt lat="27.702101" lon="86.717730">
	<ele>2688.98</ele>
</trkpt>
<trkpt lat="27.702164" lon="86.717557">
	<ele>2687.84</ele>
</trkpt>
<trkpt lat="27.702181" lon="86.717459">
	<ele>2685.39</ele>
</trkpt>
<trkpt lat="27.702276" lon="86.717317">
	<ele>2683.66</ele>
</trkpt>
<trkpt lat="27.702310" lon="86.717309">
	<ele>2684.54</ele>
</trkpt>
<trkpt lat="27.702406" lon="86.717272">
	<ele>2685.74</ele>
</trkpt>
<trkpt lat="27.702561" lon="86.717265">
	<ele>2688.13</ele>
</trkpt>
<trkpt lat="27.702608" lon="86.717257">
	<ele>2688.12</ele>
</trkpt>
<trkpt lat="27.702633" lon="86.717254">
	<ele>2688.10</ele>
</trkpt>
<trkpt lat="27.702684" lon="86.717256">
	<ele>2688.34</ele>
</trkpt>
<trkpt lat="27.702792" lon="86.717298">
	<ele>2690.04</ele>
</trkpt>
<trkpt lat="27.702919" lon="86.717336">
	<ele>2690.52</ele>
</trkpt>
<trkpt lat="27.703061" lon="86.717360">
	<ele>2689.46</ele>
</trkpt>
<trkpt lat="27.703247" lon="86.717400">
	<ele>2687.97</ele>
</trkpt>
<trkpt lat="27.703441" lon="86.717455">
	<ele>2687.09</ele>
</trkpt>
<trkpt lat="27.703549" lon="86.717584">
	<ele>2689.08</ele>
</trkpt>
<trkpt lat="27.703577" lon="86.717595">
	<ele>2688.86</ele>
</trkpt>
<trkpt lat="27.703676" lon="86.717665">
	<ele>2688.74</ele>
</trkpt>
<trkpt lat="27.703722" lon="86.717697">
	<ele>2688.53</ele>
</trkpt>
<trkpt lat="27.703884" lon="86.717812">
	<ele>2687.24</ele>
</trkpt>
<trkpt lat="27.703877" lon="86.717880">
	<ele>2688.86</ele>
</trkpt>
<trkpt lat="27.703938" lon="86.717981">
	<ele>2689.16</ele>
</trkpt>
<trkpt lat="27.704209" lon="86.718324">
	<ele>2688.04</ele>
</trkpt>
<trkpt lat="27.704249" lon="86.718614">
	<ele>2691.79</ele>
</trkpt>
<trkpt lat="27.704239" lon="86.718758">
	<ele>2694.20</ele>
</trkpt>
<trkpt lat="27.704269" lon="86.718958">
	<ele>2696.96</ele>
</trkpt>
<trkpt lat="27.704362" lon="86.718998">
	<ele>2696.51</ele>
</trkpt>
<trkpt lat="27.704436" lon="86.718943">
	<ele>2694.87</ele>
</trkpt>
<trkpt lat="27.704609" lon="86.718767">
	<ele>2690.62</ele>
</trkpt>
<trkpt lat="27.704847" lon="86.718522">
	<ele>2685.70</ele>
</trkpt>
<trkpt lat="27.705093" lon="86.718279">
	<ele>2683.25</ele>
</trkpt>
<trkpt lat="27.705313" lon="86.717906">
	<ele>2682.36</ele>
</trkpt>
<trkpt lat="27.705337" lon="86.717781">
	<ele>2680.96</ele>
</trkpt>
<trkpt lat="27.705485" lon="86.717493">
	<ele>2680.12</ele>
</trkpt>
<trkpt lat="27.705633" lon="86.717205">
	<ele>2679.63</ele>
</trkpt>
<trkpt lat="27.705912" lon="86.716933">
	<ele>2683.94</ele>
</trkpt>
<trkpt lat="27.705931" lon="86.716874">
	<ele>2683.14</ele>
</trkpt>
<trkpt lat="27.706212" lon="86.716593">
	<ele>2684.27</ele>
</trkpt>
<trkpt lat="27.706421" lon="86.716344">
	<ele>2679.92</ele>
</trkpt>
<trkpt lat="27.706495" lon="86.716349">
	<ele>2682.81</ele>
</trkpt>
<trkpt lat="27.706542" lon="86.716377">
	<ele>2685.83</ele>
</trkpt>
<trkpt lat="27.706668" lon="86.716449">
	<ele>2693.05</ele>
</trkpt>
<trkpt lat="27.706735" lon="86.716441">
	<ele>2694.34</ele>
</trkpt>
<trkpt lat="27.706781" lon="86.716385">
	<ele>2692.72</ele>
</trkpt>
<trkpt lat="27.706854" lon="86.716312">
	<ele>2690.70</ele>
</trkpt>
<trkpt lat="27.706903" lon="86.716312">
	<ele>2691.70</ele>
</trkpt>
<trkpt lat="27.707021" lon="86.716361">
	<ele>2696.21</ele>
</trkpt>
<trkpt lat="27.707149" lon="86.716382">
	<ele>2699.13</ele>
</trkpt>
<trkpt lat="27.707361" lon="86.716474">
	<ele>2705.67</ele>
</trkpt>
<trkpt lat="27.707468" lon="86.716572">
	<ele>2710.51</ele>
</trkpt>
<trkpt lat="27.707600" lon="86.716570">
	<ele>2711.87</ele>
</trkpt>
<trkpt lat="27.707606" lon="86.716523">
	<ele>2710.28</ele>
</trkpt>
<trkpt lat="27.707591" lon="86.716420">
	<ele>2706.31</ele>
</trkpt>
<trkpt lat="27.707624" lon="86.716351">
	<ele>2703.96</ele>
</trkpt>
<trkpt lat="27.707696" lon="86.716256">
	<ele>2700.94</ele>
</trkpt>
<trkpt lat="27.707738" lon="86.716175">
	<ele>2698.12</ele>
</trkpt>
<trkpt lat="27.707787" lon="86.716051">
	<ele>2693.61</ele>
</trkpt>
<trkpt lat="27.707790" lon="86.715965">
	<ele>2690.04</ele>
</trkpt>
<trkpt lat="27.707834" lon="86.715919">
	<ele>2688.76</ele>
</trkpt>
<trkpt lat="27.707937" lon="86.715888">
	<ele>2689.06</ele>
</trkpt>
<trkpt lat="27.708018" lon="86.715873">
	<ele>2689.69</ele>
</trkpt>
<trkpt lat="27.708075" lon="86.715887">
	<ele>2691.08</ele>
</trkpt>
<trkpt lat="27.708139" lon="86.715944">
	<ele>2694.15</ele>
</trkpt>
<trkpt lat="27.708209" lon="86.715898">
	<ele>2693.45</ele>
</trkpt>
<trkpt lat="27.708345" lon="86.715804">
	<ele>2692.14</ele>
</trkpt>
<trkpt lat="27.708498" lon="86.715724">
	<ele>2691.84</ele>
</trkpt>
<trkpt lat="27.708703" lon="86.715629">
	<ele>2692.50</ele>
</trkpt>
<trkpt lat="27.708796" lon="86.715586">
	<ele>2693.15</ele>
</trkpt>
<trkpt lat="27.709012" lon="86.715398">
	<ele>2693.95</ele>
</trkpt>
<trkpt lat="27.709260" lon="86.715103">
	<ele>2693.34</ele>
</trkpt>
<trkpt lat="27.709518" lon="86.714841">
	<ele>2689.28</ele>
</trkpt>
<trkpt lat="27.709635" lon="86.714780">
	<ele>2688.75</ele>
</trkpt>
<trkpt lat="27.709989" lon="86.714772">
	<ele>2690.72</ele>
</trkpt>
<trkpt lat="27.710101" lon="86.714718">
	<ele>2689.59</ele>
</trkpt>
<trkpt lat="27.710141" lon="86.714661">
	<ele>2688.18</ele>
</trkpt>
<trkpt lat="27.710206" lon="86.714592">
	<ele>2686.07</ele>
</trkpt>
<trkpt lat="27.710350" lon="86.714538">
	<ele>2682.57</ele>
</trkpt>
<trkpt lat="27.710402" lon="86.714517">
	<ele>2681.02</ele>
</trkpt>
<trkpt lat="27.710461" lon="86.714554">
	<ele>2680.98</ele>
</trkpt>
<trkpt lat="27.710494" lon="86.714612">
	<ele>2682.23</ele>
</trkpt>
<trkpt lat="27.710562" lon="86.714603">
	<ele>2680.87</ele>
</trkpt>
<trkpt lat="27.710625" lon="86.714606">
	<ele>2680.11</ele>
</trkpt>
<trkpt lat="27.710860" lon="86.714514">
	<ele>2674.58</ele>
</trkpt>
<trkpt lat="27.711053" lon="86.714445">
	<ele>2671.95</ele>
</trkpt>
<trkpt lat="27.711227" lon="86.714416">
	<ele>2671.74</ele>
</trkpt>
<trkpt lat="27.711446" lon="86.714313">
	<ele>2667.44</ele>
</trkpt>
<trkpt lat="27.711651" lon="86.714195">
	<ele>2660.72</ele>
</trkpt>
<trkpt lat="27.711772" lon="86.714069">
	<ele>2653.06</ele>
</trkpt>
<trkpt lat="27.711948" lon="86.714012">
	<ele>2649.71</ele>
</trkpt>
<trkpt lat="27.712129" lon="86.713892">
	<ele>2642.09</ele>
</trkpt>
<trkpt lat="27.712348" lon="86.713815">
	<ele>2635.31</ele>
</trkpt>
<trkpt lat="27.712489" lon="86.713750">
	<ele>2628.10</ele>
</trkpt>
<trkpt lat="27.712535" lon="86.713664">
	<ele>2620.76</ele>
</trkpt>
<trkpt lat="27.712646" lon="86.713615">
	<ele>2613.37</ele>
</trkpt>
<trkpt lat="27.712819" lon="86.713715">
	<ele>2613.14</ele>
</trkpt>
<trkpt lat="27.712855" lon="86.713771">
	<ele>2615.45</ele>
</trkpt>
<trkpt lat="27.712905" lon="86.713776">
	<ele>2613.40</ele>
</trkpt>
<trkpt lat="27.713036" lon="86.713870">
	<ele>2613.57</ele>
</trkpt>
<trkpt lat="27.713107" lon="86.713986">
	<ele>2618.09</ele>
</trkpt>
<trkpt lat="27.713271" lon="86.714104">
	<ele>2618.47</ele>
</trkpt>
<trkpt lat="27.713475" lon="86.714154">
	<ele>2613.95</ele>
</trkpt>
<trkpt lat="27.713622" lon="86.714289">
	<ele>2616.63</ele>
</trkpt>
<trkpt lat="27.713756" lon="86.714220">
	<ele>2608.09</ele>
</trkpt>
<trkpt lat="27.713831" lon="86.714232">
	<ele>2606.40</ele>
</trkpt>
<trkpt lat="27.713949" lon="86.714258">
	<ele>2604.42</ele>
</trkpt>
<trkpt lat="27.714315" lon="86.714381">
	<ele>2603.67</ele>
</trkpt>
<trkpt lat="27.714323" lon="86.714383">
	<ele>2603.70</ele>
</trkpt>
<trkpt lat="27.714698" lon="86.714509">
	<ele>2609.22</ele>
</trkpt>
<trkpt lat="27.714733" lon="86.714484">
	<ele>2608.01</ele>
</trkpt>
<trkpt lat="27.714644" lon="86.714370">
	<ele>2602.52</ele>
</trkpt>
<trkpt lat="27.714751" lon="86.714340">
	<ele>2600.86</ele>
</trkpt>
<trkpt lat="27.714891" lon="86.714300">
	<ele>2597.86</ele>
</trkpt>
<trkpt lat="27.715105" lon="86.714280">
	<ele>2592.73</ele>
</trkpt>
<trkpt lat="27.715269" lon="86.714262">
	<ele>2586.96</ele>
</trkpt>
<trkpt lat="27.715405" lon="86.714256">
	<ele>2581.94</ele>
</trkpt>
<trkpt lat="27.715421" lon="86.714227">
	<ele>2579.78</ele>
</trkpt>
<trkpt lat="27.715591" lon="86.714191">
	<ele>2571.42</ele>
</trkpt>
<trkpt lat="27.715649" lon="86.714234">
	<ele>2571.52</ele>
</trkpt>
<trkpt lat="27.715707" lon="86.714318">
	<ele>2574.01</ele>
</trkpt>
<trkpt lat="27.715741" lon="86.714399">
	<ele>2577.44</ele>
</trkpt>
<trkpt lat="27.715814" lon="86.714478">
	<ele>2579.50</ele>
</trkpt>
<trkpt lat="27.715930" lon="86.714542">
	<ele>2579.13</ele>
</trkpt>
<trkpt lat="27.716042" lon="86.714579">
	<ele>2576.98</ele>
</trkpt>
<trkpt lat="27.716248" lon="86.714634">
	<ele>2571.80</ele>
</trkpt>
<trkpt lat="27.716333" lon="86.714718">
	<ele>2573.41</ele>
</trkpt>
<trkpt lat="27.716469" lon="86.714815">
	<ele>2573.45</ele>
</trkpt>
<trkpt lat="27.716699" lon="86.714887">
	<ele>2567.84</ele>
</trkpt>
<trkpt lat="27.716783" lon="86.714895">
	<ele>2564.42</ele>
</trkpt>
<trkpt lat="27.716854" lon="86.714907">
	<ele>2561.52</ele>
</trkpt>
<trkpt lat="27.716877" lon="86.714962">
	<ele>2562.93</ele>
</trkpt>
<trkpt lat="27.716908" lon="86.714999">
	<ele>2562.96</ele>
</trkpt>
<trkpt lat="27.716913" lon="86.715080">
	<ele>2566.23</ele>
</trkpt>
<trkpt lat="27.716961" lon="86.715161">
	<ele>2566.96</ele>
</trkpt>
<trkpt lat="27.717020" lon="86.715198">
	<ele>2565.06</ele>
</trkpt>
<trkpt lat="27.717110" lon="86.715260">
	<ele>2562.29</ele>
</trkpt>
<trkpt lat="27.717219" lon="86.715333">
	<ele>2558.91</ele>
</trkpt>
<trkpt lat="27.717281" lon="86.715469">
	<ele>2560.34</ele>
</trkpt>
<trkpt lat="27.717350" lon="86.715570">
	<ele>2560.13</ele>
</trkpt>
<trkpt lat="27.717395" lon="86.715648">
	<ele>2560.38</ele>
</trkpt>
<trkpt lat="27.717478" lon="86.715729">
	<ele>2559.04</ele>
</trkpt>
<trkpt lat="27.717633" lon="86.715866">
	<ele>2556.19</ele>
</trkpt>
<trkpt lat="27.717733" lon="86.715873">
	<ele>2552.23</ele>
</trkpt>
<trkpt lat="27.717852" lon="86.715928">
	<ele>2548.75</ele>
</trkpt>
<trkpt lat="27.717946" lon="86.715960">
	<ele>2546.14</ele>
</trkpt>
<trkpt lat="27.718029" lon="86.715997">
	<ele>2544.40</ele>
</trkpt>
<trkpt lat="27.718121" lon="86.716019">
	<ele>2542.80</ele>
</trkpt>
<trkpt lat="27.718188" lon="86.716040">
	<ele>2542.19</ele>
</trkpt>
<trkpt lat="27.718293" lon="86.716096">
	<ele>2542.48</ele>
</trkpt>
<trkpt lat="27.718361" lon="86.716131">
	<ele>2543.33</ele>
</trkpt>
<trkpt lat="27.718410" lon="86.716064">
	<ele>2543.47</ele>
</trkpt>
<trkpt lat="27.718529" lon="86.715923">
	<ele>2546.62</ele>
</trkpt>
<trkpt lat="27.718558" lon="86.715862">
	<ele>2548.03</ele>
</trkpt>
<trkpt lat="27.718594" lon="86.715785">
	<ele>2550.25</ele>
</trkpt>
<trkpt lat="27.718620" lon="86.715602">
	<ele>2553.80</ele>
</trkpt>
<trkpt lat="27.718600" lon="86.715470">
	<ele>2554.66</ele>
</trkpt>
<trkpt lat="27.718594" lon="86.715336">
	<ele>2556.65</ele>
</trkpt>
<trkpt lat="27.718556" lon="86.715203">
	<ele>2556.72</ele>
</trkpt>
<trkpt lat="27.718540" lon="86.715065">
	<ele>2558.33</ele>
</trkpt>
<trkpt lat="27.718553" lon="86.714913">
	<ele>2562.37</ele>
</trkpt>
<trkpt lat="27.718518" lon="86.714812">
	<ele>2563.30</ele>
</trkpt>
<trkpt lat="27.718440" lon="86.714685">
	<ele>2563.59</ele>
</trkpt>
<trkpt lat="27.718327" lon="86.714569">
	<ele>2562.61</ele>
</trkpt>
<trkpt lat="27.718298" lon="86.714492">
	<ele>2563.87</ele>
</trkpt>
<trkpt lat="27.718357" lon="86.714235">
	<ele>2571.32</ele>
</trkpt>
<trkpt lat="27.718448" lon="86.714241">
	<ele>2575.26</ele>
</trkpt>
<trkpt lat="27.718490" lon="86.713998">
	<ele>2571.96</ele>
</trkpt>
<trkpt lat="27.718500" lon="86.713780">
	<ele>2561.00</ele>
</trkpt>
<trkpt lat="27.718557" lon="86.713740">
	<ele>2560.06</ele>
</trkpt>
<trkpt lat="27.718613" lon="86.713719">
	<ele>2560.00</ele>
</trkpt>
<trkpt lat="27.718650" lon="86.713742">
	<ele>2562.28</ele>
</trkpt>
<trkpt lat="27.718722" lon="86.713857">
	<ele>2571.12</ele>
</trkpt>
<trkpt lat="27.718805" lon="86.713963">
	<ele>2578.94</ele>
</trkpt>
<trkpt lat="27.718969" lon="86.714090">
	<ele>2587.75</ele>
</trkpt>
<trkpt lat="27.719133" lon="86.714182">
	<ele>2592.53</ele>
</trkpt>
<trkpt lat="27.719285" lon="86.714202">
	<ele>2592.35</ele>
</trkpt>
<trkpt lat="27.719366" lon="86.714235">
	<ele>2592.22</ele>
</trkpt>
<trkpt lat="27.719704" lon="86.714356">
	<ele>2589.15</ele>
</trkpt>
<trkpt lat="27.720043" lon="86.714477">
	<ele>2586.89</ele>
</trkpt>
<trkpt lat="27.720187" lon="86.714555">
	<ele>2584.79</ele>
</trkpt>
<trkpt lat="27.720313" lon="86.714576">
	<ele>2577.50</ele>
</trkpt>
<trkpt lat="27.720505" lon="86.714558">
	<ele>2563.12</ele>
</trkpt>
<trkpt lat="27.720619" lon="86.714594">
	<ele>2555.11</ele>
</trkpt>
<trkpt lat="27.720743" lon="86.714629">
	<ele>2546.40</ele>
</trkpt>
<trkpt lat="27.720919" lon="86.714613">
	<ele>2538.65</ele>
</trkpt>
<trkpt lat="27.721021" lon="86.714582">
	<ele>2536.65</ele>
</trkpt>
<trkpt lat="27.721109" lon="86.714509">
	<ele>2537.98</ele>
</trkpt>
<trkpt lat="27.721205" lon="86.714496">
	<ele>2537.02</ele>
</trkpt>
<trkpt lat="27.721328" lon="86.714483">
	<ele>2536.22</ele>
</trkpt>
<trkpt lat="27.721522" lon="86.714442">
	<ele>2537.07</ele>
</trkpt>
<trkpt lat="27.721686" lon="86.714418">
	<ele>2537.58</ele>
</trkpt>
<trkpt lat="27.721828" lon="86.714406">
	<ele>2537.72</ele>
</trkpt>
<trkpt lat="27.722000" lon="86.714370">
	<ele>2539.57</ele>
</trkpt>
<trkpt lat="27.722102" lon="86.714354">
	<ele>2540.48</ele>
</trkpt>
<trkpt lat="27.722248" lon="86.714392">
	<ele>2538.61</ele>
</trkpt>
<trkpt lat="27.722387" lon="86.714425">
	<ele>2537.23</ele>
</trkpt>
<trkpt lat="27.722401" lon="86.714413">
	<ele>2538.02</ele>
</trkpt>
<trkpt lat="27.722479" lon="86.714416">
	<ele>2538.31</ele>
</trkpt>
<trkpt lat="27.722522" lon="86.714385">
	<ele>2540.37</ele>
</trkpt>
<trkpt lat="27.722548" lon="86.714393">
	<ele>2540.13</ele>
</trkpt>
<trkpt lat="27.722621" lon="86.714369">
	<ele>2542.09</ele>
</trkpt>
<trkpt lat="27.722788" lon="86.714360">
	<ele>2544.48</ele>
</trkpt>
<trkpt lat="27.722870" lon="86.714352">
	<ele>2545.96</ele>
</trkpt>
<trkpt lat="27.722923" lon="86.714363">
	<ele>2546.16</ele>
</trkpt>
<trkpt lat="27.722979" lon="86.714375">
	<ele>2546.38</ele>
</trkpt>
<trkpt lat="27.723072" lon="86.714396">
	<ele>2546.69</ele>
</trkpt>
<trkpt lat="27.723154" lon="86.714433">
	<ele>2546.00</ele>
</trkpt>
<trkpt lat="27.723295" lon="86.714478">
	<ele>2545.59</ele>
</trkpt>
<trkpt lat="27.723398" lon="86.714543">
	<ele>2543.44</ele>
</trkpt>
<trkpt lat="27.723527" lon="86.714600">
	<ele>2542.03</ele>
</trkpt>
<trkpt lat="27.723658" lon="86.714635">
	<ele>2541.86</ele>
</trkpt>
<trkpt lat="27.723731" lon="86.714654">
	<ele>2541.83</ele>
</trkpt>
<trkpt lat="27.723969" lon="86.714679">
	<ele>2543.58</ele>
</trkpt>
<trkpt lat="27.724107" lon="86.714712">
	<ele>2543.88</ele>
</trkpt>
<trkpt lat="27.724219" lon="86.714748">
	<ele>2543.85</ele>
</trkpt>
<trkpt lat="27.724252" lon="86.714806">
	<ele>2542.08</ele>
</trkpt>
<trkpt lat="27.724290" lon="86.714806">
	<ele>2542.57</ele>
</trkpt>
<trkpt lat="27.724337" lon="86.714792">
	<ele>2543.67</ele>
</trkpt>
<trkpt lat="27.724366" lon="86.714758">
	<ele>2545.28</ele>
</trkpt>
<trkpt lat="27.724442" lon="86.714742">
	<ele>2546.78</ele>
</trkpt>
<trkpt lat="27.724516" lon="86.714734">
	<ele>2547.93</ele>
</trkpt>
<trkpt lat="27.724582" lon="86.714717">
	<ele>2549.31</ele>
</trkpt>
<trkpt lat="27.724635" lon="86.714722">
	<ele>2549.73</ele>
</trkpt>
<trkpt lat="27.724744" lon="86.714719">
	<ele>2551.12</ele>
</trkpt>
<trkpt lat="27.724834" lon="86.714694">
	<ele>2553.11</ele>
</trkpt>
<trkpt lat="27.724961" lon="86.714656">
	<ele>2556.14</ele>
</trkpt>
<trkpt lat="27.725292" lon="86.714566">
	<ele>2564.65</ele>
</trkpt>
<trkpt lat="27.725378" lon="86.714597">
	<ele>2564.98</ele>
</trkpt>
<trkpt lat="27.725461" lon="86.714612">
	<ele>2565.88</ele>
</trkpt>
<trkpt lat="27.725584" lon="86.714567">
	<ele>2570.03</ele>
</trkpt>
<trkpt lat="27.725679" lon="86.714515">
	<ele>2574.10</ele>
</trkpt>
<trkpt lat="27.725748" lon="86.714509">
	<ele>2575.78</ele>
</trkpt>
<trkpt lat="27.725834" lon="86.714511">
	<ele>2577.48</ele>
</trkpt>
<trkpt lat="27.725997" lon="86.714495">
	<ele>2581.41</ele>
</trkpt>
<trkpt lat="27.726133" lon="86.714479">
	<ele>2584.84</ele>
</trkpt>
<trkpt lat="27.726170" lon="86.714442">
	<ele>2587.50</ele>
</trkpt>
<trkpt lat="27.726246" lon="86.714447">
	<ele>2588.91</ele>
</trkpt>
<trkpt lat="27.726305" lon="86.714474">
	<ele>2588.73</ele>
</trkpt>
<trkpt lat="27.726358" lon="86.714425">
	<ele>2592.72</ele>
</trkpt>
<trkpt lat="27.726453" lon="86.714414">
	<ele>2595.74</ele>
</trkpt>
<trkpt lat="27.726547" lon="86.714389">
	<ele>2599.61</ele>
</trkpt>
<trkpt lat="27.726570" lon="86.714425">
	<ele>2598.35</ele>
</trkpt>
<trkpt lat="27.726615" lon="86.714458">
	<ele>2597.87</ele>
</trkpt>
<trkpt lat="27.726679" lon="86.714479">
	<ele>2598.81</ele>
</trkpt>
<trkpt lat="27.726733" lon="86.714451">
	<ele>2602.34</ele>
</trkpt>
<trkpt lat="27.726911" lon="86.714337">
	<ele>2613.38</ele>
</trkpt>
<trkpt lat="27.726942" lon="86.714290">
	<ele>2615.13</ele>
</trkpt>
<trkpt lat="27.727078" lon="86.714235">
	<ele>2618.95</ele>
</trkpt>
<trkpt lat="27.727120" lon="86.714171">
	<ele>2619.26</ele>
</trkpt>
<trkpt lat="27.727246" lon="86.714098">
	<ele>2620.06</ele>
</trkpt>
<trkpt lat="27.727239" lon="86.714050">
	<ele>2619.13</ele>
</trkpt>
<trkpt lat="27.727347" lon="86.713995">
	<ele>2619.12</ele>
</trkpt>
<trkpt lat="27.727384" lon="86.714019">
	<ele>2619.90</ele>
</trkpt>
<trkpt lat="27.727440" lon="86.714007">
	<ele>2620.09</ele>
</trkpt>
<trkpt lat="27.727469" lon="86.714018">
	<ele>2620.51</ele>
</trkpt>
<trkpt lat="27.727538" lon="86.714020">
	<ele>2620.99</ele>
</trkpt>
<trkpt lat="27.727606" lon="86.714030">
	<ele>2621.65</ele>
</trkpt>
<trkpt lat="27.727701" lon="86.714112">
	<ele>2623.89</ele>
</trkpt>
<trkpt lat="27.727752" lon="86.714106">
	<ele>2624.00</ele>
</trkpt>
<trkpt lat="27.727819" lon="86.714076">
	<ele>2623.72</ele>
</trkpt>
<trkpt lat="27.727950" lon="86.714007">
	<ele>2622.94</ele>
</trkpt>
<trkpt lat="27.728001" lon="86.713927">
	<ele>2621.57</ele>
</trkpt>
<trkpt lat="27.728049" lon="86.713876">
	<ele>2620.50</ele>
</trkpt>
<trkpt lat="27.728094" lon="86.713860">
	<ele>2620.02</ele>
</trkpt>
<trkpt lat="27.728163" lon="86.713901">
	<ele>2620.55</ele>
</trkpt>
<trkpt lat="27.728226" lon="86.713881">
	<ele>2619.57</ele>
</trkpt>
<trkpt lat="27.728278" lon="86.713897">
	<ele>2619.30</ele>
</trkpt>
<trkpt lat="27.728343" lon="86.713846">
	<ele>2617.11</ele>
</trkpt>
<trkpt lat="27.728432" lon="86.713819">
	<ele>2614.42</ele>
</trkpt>
<trkpt lat="27.728470" lon="86.713762">
	<ele>2611.84</ele>
</trkpt>
<trkpt lat="27.728614" lon="86.713727">
	<ele>2606.11</ele>
</trkpt>
<trkpt lat="27.728676" lon="86.713725">
	<ele>2603.75</ele>
</trkpt>
<trkpt lat="27.728747" lon="86.713709">
	<ele>2600.62</ele>
</trkpt>
<trkpt lat="27.728830" lon="86.713709">
	<ele>2597.39</ele>
</trkpt>
<trkpt lat="27.728922" lon="86.713527">
	<ele>2589.98</ele>
</trkpt>
<trkpt lat="27.728995" lon="86.713531">
	<ele>2587.72</ele>
</trkpt>
<trkpt lat="27.729092" lon="86.713532">
	<ele>2584.89</ele>
</trkpt>
<trkpt lat="27.729142" lon="86.713511">
	<ele>2583.17</ele>
</trkpt>
<trkpt lat="27.729210" lon="86.713507">
	<ele>2581.47</ele>
</trkpt>
<trkpt lat="27.729399" lon="86.713633">
	<ele>2579.50</ele>
</trkpt>
<trkpt lat="27.729559" lon="86.713680">
	<ele>2577.44</ele>
</trkpt>
<trkpt lat="27.729600" lon="86.713708">
	<ele>2577.58</ele>
</trkpt>
<trkpt lat="27.729665" lon="86.713741">
	<ele>2577.72</ele>
</trkpt>
<trkpt lat="27.729789" lon="86.713771">
	<ele>2577.66</ele>
</trkpt>
<trkpt lat="27.729848" lon="86.713796">
	<ele>2578.31</ele>
</trkpt>
<trkpt lat="27.729966" lon="86.713759">
	<ele>2576.91</ele>
</trkpt>
<trkpt lat="27.730169" lon="86.713739">
	<ele>2578.13</ele>
</trkpt>
<trkpt lat="27.730299" lon="86.713747">
	<ele>2581.01</ele>
</trkpt>
<trkpt lat="27.730435" lon="86.713727">
	<ele>2583.91</ele>
</trkpt>
<trkpt lat="27.730564" lon="86.713741">
	<ele>2587.74</ele>
</trkpt>
<trkpt lat="27.730620" lon="86.713763">
	<ele>2589.59</ele>
</trkpt>
<trkpt lat="27.730661" lon="86.713777">
	<ele>2590.82</ele>
</trkpt>
<trkpt lat="27.730703" lon="86.713724">
	<ele>2591.15</ele>
</trkpt>
<trkpt lat="27.730760" lon="86.713696">
	<ele>2592.19</ele>
</trkpt>
<trkpt lat="27.730889" lon="86.713636">
	<ele>2594.25</ele>
</trkpt>
<trkpt lat="27.730921" lon="86.713634">
	<ele>2594.87</ele>
</trkpt>
<trkpt lat="27.731091" lon="86.713606">
	<ele>2597.78</ele>
</trkpt>
<trkpt lat="27.731145" lon="86.713575">
	<ele>2598.35</ele>
</trkpt>
<trkpt lat="27.731221" lon="86.713534">
	<ele>2599.06</ele>
</trkpt>
<trkpt lat="27.731463" lon="86.713489">
	<ele>2602.09</ele>
</trkpt>
<trkpt lat="27.731512" lon="86.713458">
	<ele>2602.17</ele>
</trkpt>
<trkpt lat="27.731638" lon="86.713443">
	<ele>2603.70</ele>
</trkpt>
<trkpt lat="27.731720" lon="86.713364">
	<ele>2602.75</ele>
</trkpt>
<trkpt lat="27.731761" lon="86.713359">
	<ele>2603.20</ele>
</trkpt>
<trkpt lat="27.731917" lon="86.713283">
	<ele>2602.65</ele>
</trkpt>
<trkpt lat="27.731964" lon="86.713303">
	<ele>2604.15</ele>
</trkpt>
<trkpt lat="27.732005" lon="86.713289">
	<ele>2604.15</ele>
</trkpt>
<trkpt lat="27.732101" lon="86.713243">
	<ele>2603.44</ele>
</trkpt>
<trkpt lat="27.732146" lon="86.713265">
	<ele>2605.09</ele>
</trkpt>
<trkpt lat="27.732231" lon="86.713271">
	<ele>2606.52</ele>
</trkpt>
<trkpt lat="27.732299" lon="86.713234">
	<ele>2605.82</ele>
</trkpt>
<trkpt lat="27.732360" lon="86.713138">
	<ele>2601.84</ele>
</trkpt>
<trkpt lat="27.732472" lon="86.713047">
	<ele>2598.68</ele>
</trkpt>
<trkpt lat="27.732604" lon="86.712992">
	<ele>2598.50</ele>
</trkpt>
<trkpt lat="27.732745" lon="86.712964">
	<ele>2600.90</ele>
</trkpt>
<trkpt lat="27.732914" lon="86.713025">
	<ele>2608.04</ele>
</trkpt>
<trkpt lat="27.732989" lon="86.713071">
	<ele>2611.29</ele>
</trkpt>
<trkpt lat="27.733076" lon="86.713028">
	<ele>2612.16</ele>
</trkpt>
<trkpt lat="27.733139" lon="86.713031">
	<ele>2613.68</ele>
</trkpt>
<trkpt lat="27.733206" lon="86.713006">
	<ele>2614.69</ele>
</trkpt>
<trkpt lat="27.733308" lon="86.712926">
	<ele>2615.62</ele>
</trkpt>
<trkpt lat="27.733343" lon="86.712838">
	<ele>2615.01</ele>
</trkpt>
<trkpt lat="27.733405" lon="86.712753">
	<ele>2614.95</ele>
</trkpt>
<trkpt lat="27.733500" lon="86.712707">
	<ele>2615.96</ele>
</trkpt>
<trkpt lat="27.733560" lon="86.712650">
	<ele>2615.87</ele>
</trkpt>
<trkpt lat="27.733661" lon="86.712615">
	<ele>2616.47</ele>
</trkpt>
<trkpt lat="27.733663" lon="86.712600">
	<ele>2616.17</ele>
</trkpt>
<trkpt lat="27.733771" lon="86.712603">
	<ele>2617.30</ele>
</trkpt>
<trkpt lat="27.733898" lon="86.712553">
	<ele>2617.07</ele>
</trkpt>
<trkpt lat="27.733977" lon="86.712556">
	<ele>2617.67</ele>
</trkpt>
<trkpt lat="27.734085" lon="86.712538">
	<ele>2617.97</ele>
</trkpt>
<trkpt lat="27.734265" lon="86.712370">
	<ele>2614.44</ele>
</trkpt>
<trkpt lat="27.734589" lon="86.712209">
	<ele>2615.20</ele>
</trkpt>
<trkpt lat="27.734670" lon="86.712123">
	<ele>2615.72</ele>
</trkpt>
<trkpt lat="27.734770" lon="86.712034">
	<ele>2617.73</ele>
</trkpt>
<trkpt lat="27.734885" lon="86.711954">
	<ele>2620.91</ele>
</trkpt>
<trkpt lat="27.734987" lon="86.711954">
	<ele>2623.76</ele>
</trkpt>
<trkpt lat="27.735111" lon="86.711951">
	<ele>2626.37</ele>
</trkpt>
<trkpt lat="27.735244" lon="86.711930">
	<ele>2628.80</ele>
</trkpt>
<trkpt lat="27.735337" lon="86.711896">
	<ele>2630.25</ele>
</trkpt>
<trkpt lat="27.735419" lon="86.711875">
	<ele>2631.24</ele>
</trkpt>
<trkpt lat="27.735577" lon="86.711804">
	<ele>2632.05</ele>
</trkpt>
<trkpt lat="27.735671" lon="86.711785">
	<ele>2631.82</ele>
</trkpt>
<trkpt lat="27.735803" lon="86.711773">
	<ele>2630.53</ele>
</trkpt>
<trkpt lat="27.735894" lon="86.711758">
	<ele>2628.63</ele>
</trkpt>
<trkpt lat="27.735969" lon="86.711754">
	<ele>2626.27</ele>
</trkpt>
<trkpt lat="27.736026" lon="86.711801">
	<ele>2624.69</ele>
</trkpt>
<trkpt lat="27.736135" lon="86.711839">
	<ele>2620.42</ele>
</trkpt>
<trkpt lat="27.736348" lon="86.711826">
	<ele>2609.70</ele>
</trkpt>
<trkpt lat="27.736362" lon="86.711825">
	<ele>2608.99</ele>
</trkpt>
<trkpt lat="27.736405" lon="86.711951">
	<ele>2610.86</ele>
</trkpt>
<trkpt lat="27.736519" lon="86.712002">
	<ele>2609.00</ele>
</trkpt>
<trkpt lat="27.736613" lon="86.712001">
	<ele>2606.59</ele>
</trkpt>
<trkpt lat="27.736762" lon="86.712032">
	<ele>2606.18</ele>
</trkpt>
<trkpt lat="27.736879" lon="86.712044">
	<ele>2606.04</ele>
</trkpt>
<trkpt lat="27.737098" lon="86.712140">
	<ele>2612.53</ele>
</trkpt>
<trkpt lat="27.737270" lon="86.712156">
	<ele>2614.40</ele>
</trkpt>
<trkpt lat="27.737471" lon="86.712233">
	<ele>2621.33</ele>
</trkpt>
<trkpt lat="27.737620" lon="86.712235">
	<ele>2622.61</ele>
</trkpt>
<trkpt lat="27.737704" lon="86.712202">
	<ele>2621.13</ele>
</trkpt>
<trkpt lat="27.737758" lon="86.712172">
	<ele>2619.68</ele>
</trkpt>
<trkpt lat="27.737807" lon="86.712140">
	<ele>2618.13</ele>
</trkpt>
<trkpt lat="27.737864" lon="86.712097">
	<ele>2616.10</ele>
</trkpt>
<trkpt lat="27.737937" lon="86.712047">
	<ele>2614.13</ele>
</trkpt>
<trkpt lat="27.738025" lon="86.712011">
	<ele>2613.61</ele>
</trkpt>
<trkpt lat="27.738091" lon="86.711975">
	<ele>2612.87</ele>
</trkpt>
<trkpt lat="27.738373" lon="86.711867">
	<ele>2612.70</ele>
</trkpt>
<trkpt lat="27.738510" lon="86.711876">
	<ele>2614.97</ele>
</trkpt>
<trkpt lat="27.738605" lon="86.711910">
	<ele>2617.32</ele>
</trkpt>
<trkpt lat="27.738655" lon="86.711926">
	<ele>2618.36</ele>
</trkpt>
<trkpt lat="27.738706" lon="86.711982">
	<ele>2620.57</ele>
</trkpt>
<trkpt lat="27.738878" lon="86.712136">
	<ele>2625.50</ele>
</trkpt>
<trkpt lat="27.739069" lon="86.712250">
	<ele>2627.72</ele>
</trkpt>
<trkpt lat="27.739210" lon="86.712322">
	<ele>2628.84</ele>
</trkpt>
<trkpt lat="27.739282" lon="86.712343">
	<ele>2629.03</ele>
</trkpt>
<trkpt lat="27.739368" lon="86.712357">
	<ele>2628.98</ele>
</trkpt>
<trkpt lat="27.739479" lon="86.712379">
	<ele>2629.02</ele>
</trkpt>
<trkpt lat="27.739525" lon="86.712421">
	<ele>2629.81</ele>
</trkpt>
<trkpt lat="27.739611" lon="86.712432">
	<ele>2629.75</ele>
</trkpt>
<trkpt lat="27.739669" lon="86.712464">
	<ele>2630.31</ele>
</trkpt>
<trkpt lat="27.739756" lon="86.712504">
	<ele>2631.01</ele>
</trkpt>
<trkpt lat="27.739871" lon="86.712587">
	<ele>2632.68</ele>
</trkpt>
<trkpt lat="27.739963" lon="86.712667">
	<ele>2634.31</ele>
</trkpt>
<trkpt lat="27.740114" lon="86.712758">
	<ele>2636.66</ele>
</trkpt>
<trkpt lat="27.740181" lon="86.712706">
	<ele>2636.37</ele>
</trkpt>
<trkpt lat="27.740274" lon="86.712560">
	<ele>2634.70</ele>
</trkpt>
<trkpt lat="27.740335" lon="86.712553">
	<ele>2635.40</ele>
</trkpt>
<trkpt lat="27.740432" lon="86.712588">
	<ele>2637.57</ele>
</trkpt>
<trkpt lat="27.740488" lon="86.712627">
	<ele>2639.24</ele>
</trkpt>
<trkpt lat="27.740529" lon="86.712656">
	<ele>2640.45</ele>
</trkpt>
<trkpt lat="27.740572" lon="86.712692">
	<ele>2641.81</ele>
</trkpt>
<trkpt lat="27.740705" lon="86.712761">
	<ele>2644.70</ele>
</trkpt>
<trkpt lat="27.740967" lon="86.712912">
	<ele>2647.47</ele>
</trkpt>
<trkpt lat="27.741142" lon="86.712935">
	<ele>2646.05</ele>
</trkpt>
<trkpt lat="27.741269" lon="86.712987">
	<ele>2644.96</ele>
</trkpt>
<trkpt lat="27.741577" lon="86.713062">
	<ele>2639.76</ele>
</trkpt>
<trkpt lat="27.741859" lon="86.713048">
	<ele>2631.60</ele>
</trkpt>
<trkpt lat="27.742158" lon="86.713314">
	<ele>2626.13</ele>
</trkpt>
<trkpt lat="27.742151" lon="86.713359">
	<ele>2628.09</ele>
</trkpt>
<trkpt lat="27.742146" lon="86.713391">
	<ele>2629.66</ele>
</trkpt>
<trkpt lat="27.742222" lon="86.713454">
	<ele>2630.39</ele>
</trkpt>
<trkpt lat="27.742274" lon="86.713449">
	<ele>2628.48</ele>
</trkpt>
<trkpt lat="27.742383" lon="86.713492">
	<ele>2628.17</ele>
</trkpt>
<trkpt lat="27.742459" lon="86.713610">
	<ele>2635.79</ele>
</trkpt>
<trkpt lat="27.742759" lon="86.713778">
	<ele>2649.16</ele>
</trkpt>
<trkpt lat="27.743056" lon="86.713814">
	<ele>2652.53</ele>
</trkpt>
<trkpt lat="27.743354" lon="86.713849">
	<ele>2657.89</ele>
</trkpt>
<trkpt lat="27.743460" lon="86.713712">
	<ele>2640.21</ele>
</trkpt>
<trkpt lat="27.743556" lon="86.713346">
	<ele>2602.50</ele>
</trkpt>
<trkpt lat="27.743652" lon="86.712981">
	<ele>2601.97</ele>
</trkpt>
<trkpt lat="27.743712" lon="86.712826">
	<ele>2609.07</ele>
</trkpt>
<trkpt lat="27.743614" lon="86.712746">
	<ele>2611.24</ele>
</trkpt>
<trkpt lat="27.743599" lon="86.712725">
	<ele>2611.88</ele>
</trkpt>
<trkpt lat="27.743801" lon="86.712328">
	<ele>2625.32</ele>
</trkpt>
<trkpt lat="27.743808" lon="86.712317">
	<ele>2625.58</ele>
</trkpt>
<trkpt lat="27.743978" lon="86.712461">
	<ele>2627.94</ele>
</trkpt>
<trkpt lat="27.744153" lon="86.712507">
	<ele>2630.65</ele>
</trkpt>
<trkpt lat="27.744327" lon="86.712567">
	<ele>2632.75</ele>
</trkpt>
<trkpt lat="27.744499" lon="86.712602">
	<ele>2636.28</ele>
</trkpt>
<trkpt lat="27.744683" lon="86.712575">
	<ele>2640.11</ele>
</trkpt>
<trkpt lat="27.744869" lon="86.712504">
	<ele>2641.10</ele>
</trkpt>
<trkpt lat="27.745098" lon="86.712612">
	<ele>2646.98</ele>
</trkpt>
<trkpt lat="27.745234" lon="86.712631">
	<ele>2648.24</ele>
</trkpt>
<trkpt lat="27.745371" lon="86.712634">
	<ele>2647.95</ele>
</trkpt>
<trkpt lat="27.745469" lon="86.712628">
	<ele>2647.02</ele>
</trkpt>
<trkpt lat="27.745544" lon="86.712617">
	<ele>2645.94</ele>
</trkpt>
<trkpt lat="27.745652" lon="86.712532">
	<ele>2642.10</ele>
</trkpt>
<trkpt lat="27.745699" lon="86.712459">
	<ele>2641.09</ele>
</trkpt>
<trkpt lat="27.745880" lon="86.712356">
	<ele>2642.53</ele>
</trkpt>
<trkpt lat="27.745894" lon="86.712271">
	<ele>2645.85</ele>
</trkpt>
<trkpt lat="27.746179" lon="86.712137">
	<ele>2653.65</ele>
</trkpt>
<trkpt lat="27.746524" lon="86.712144">
	<ele>2653.54</ele>
</trkpt>
<trkpt lat="27.746654" lon="86.712213">
	<ele>2650.02</ele>
</trkpt>
<trkpt lat="27.746927" lon="86.712223">
	<ele>2658.35</ele>
</trkpt>
<trkpt lat="27.747289" lon="86.712282">
	<ele>2670.25</ele>
</trkpt>
<trkpt lat="27.747528" lon="86.712373">
	<ele>2671.16</ele>
</trkpt>
<trkpt lat="27.747766" lon="86.712465">
	<ele>2670.73</ele>
</trkpt>
<trkpt lat="27.747980" lon="86.712566">
	<ele>2669.30</ele>
</trkpt>
<trkpt lat="27.748194" lon="86.712668">
	<ele>2667.24</ele>
</trkpt>
<trkpt lat="27.748476" lon="86.712590">
	<ele>2675.91</ele>
</trkpt>
<trkpt lat="27.748758" lon="86.712513">
	<ele>2676.16</ele>
</trkpt>
<trkpt lat="27.748998" lon="86.712262">
	<ele>2680.68</ele>
</trkpt>
<trkpt lat="27.749253" lon="86.712159">
	<ele>2683.00</ele>
</trkpt>
<trkpt lat="27.749508" lon="86.712056">
	<ele>2687.54</ele>
</trkpt>
<trkpt lat="27.749773" lon="86.711861">
	<ele>2694.62</ele>
</trkpt>
<trkpt lat="27.749804" lon="86.711862">
	<ele>2694.01</ele>
</trkpt>
<trkpt lat="27.750072" lon="86.711613">
	<ele>2700.12</ele>
</trkpt>
<trkpt lat="27.750437" lon="86.711365">
	<ele>2706.66</ele>
</trkpt>
<trkpt lat="27.750498" lon="86.711346">
	<ele>2706.13</ele>
</trkpt>
<trkpt lat="27.750547" lon="86.711376">
	<ele>2703.44</ele>
</trkpt>
<trkpt lat="27.750673" lon="86.711299">
	<ele>2703.37</ele>
</trkpt>
<trkpt lat="27.750802" lon="86.711255">
	<ele>2700.90</ele>
</trkpt>
<trkpt lat="27.750858" lon="86.711226">
	<ele>2699.96</ele>
</trkpt>
<trkpt lat="27.750921" lon="86.711183">
	<ele>2698.98</ele>
</trkpt>
<trkpt lat="27.750993" lon="86.711090">
	<ele>2698.89</ele>
</trkpt>
<trkpt lat="27.750997" lon="86.711049">
	<ele>2700.01</ele>
</trkpt>
<trkpt lat="27.751112" lon="86.710886">
	<ele>2699.23</ele>
</trkpt>
<trkpt lat="27.751222" lon="86.710748">
	<ele>2697.15</ele>
</trkpt>
<trkpt lat="27.751375" lon="86.710629">
	<ele>2692.06</ele>
</trkpt>
<trkpt lat="27.751424" lon="86.710571">
	<ele>2690.95</ele>
</trkpt>
<trkpt lat="27.751451" lon="86.710563">
	<ele>2689.88</ele>
</trkpt>
<trkpt lat="27.751499" lon="86.710548">
	<ele>2688.14</ele>
</trkpt>
<trkpt lat="27.751578" lon="86.710520">
	<ele>2685.85</ele>
</trkpt>
<trkpt lat="27.751713" lon="86.710544">
	<ele>2682.62</ele>
</trkpt>
<trkpt lat="27.751805" lon="86.710461">
	<ele>2683.72</ele>
</trkpt>
<trkpt lat="27.751857" lon="86.710492">
	<ele>2683.43</ele>
</trkpt>
<trkpt lat="27.751926" lon="86.710499">
	<ele>2684.08</ele>
</trkpt>
<trkpt lat="27.751947" lon="86.710442">
	<ele>2685.60</ele>
</trkpt>
<trkpt lat="27.751936" lon="86.710378">
	<ele>2686.72</ele>
</trkpt>
<trkpt lat="27.752026" lon="86.710306">
	<ele>2690.35</ele>
</trkpt>
<trkpt lat="27.752059" lon="86.710104">
	<ele>2695.91</ele>
</trkpt>
<trkpt lat="27.752114" lon="86.709883">
	<ele>2702.87</ele>
</trkpt>
<trkpt lat="27.752164" lon="86.709879">
	<ele>2705.25</ele>
</trkpt>
<trkpt lat="27.752302" lon="86.709960">
	<ele>2709.67</ele>
</trkpt>
<trkpt lat="27.752326" lon="86.710259">
	<ele>2701.67</ele>
</trkpt>
<trkpt lat="27.752353" lon="86.710375">
	<ele>2698.74</ele>
</trkpt>
<trkpt lat="27.752366" lon="86.710469">
	<ele>2695.93</ele>
</trkpt>
<trkpt lat="27.752384" lon="86.710558">
	<ele>2693.34</ele>
</trkpt>
<trkpt lat="27.752465" lon="86.710618">
	<ele>2692.88</ele>
</trkpt>
<trkpt lat="27.752754" lon="86.710579">
	<ele>2699.73</ele>
</trkpt>
<trkpt lat="27.752888" lon="86.710519">
	<ele>2705.32</ele>
</trkpt>
<trkpt lat="27.752969" lon="86.710501">
	<ele>2707.93</ele>
</trkpt>
<trkpt lat="27.752989" lon="86.710481">
	<ele>2709.33</ele>
</trkpt>
<trkpt lat="27.753113" lon="86.710499">
	<ele>2710.80</ele>
</trkpt>
<trkpt lat="27.753200" lon="86.710495">
	<ele>2712.31</ele>
</trkpt>
<trkpt lat="27.753419" lon="86.710507">
	<ele>2713.12</ele>
</trkpt>
<trkpt lat="27.753438" lon="86.710509">
	<ele>2713.02</ele>
</trkpt>
<trkpt lat="27.753614" lon="86.710533">
	<ele>2711.10</ele>
</trkpt>
<trkpt lat="27.753941" lon="86.710544">
	<ele>2706.99</ele>
</trkpt>
<trkpt lat="27.754069" lon="86.710480">
	<ele>2708.75</ele>
</trkpt>
<trkpt lat="27.754496" lon="86.710462">
	<ele>2701.54</ele>
</trkpt>
<trkpt lat="27.754587" lon="86.710383">
	<ele>2705.79</ele>
</trkpt>
<trkpt lat="27.754653" lon="86.710364">
	<ele>2706.17</ele>
</trkpt>
<trkpt lat="27.754774" lon="86.710469">
	<ele>2694.22</ele>
</trkpt>
<trkpt lat="27.754882" lon="86.710527">
	<ele>2686.87</ele>
</trkpt>
<trkpt lat="27.755192" lon="86.710437">
	<ele>2690.16</ele>
</trkpt>
<trkpt lat="27.755282" lon="86.710330">
	<ele>2699.74</ele>
</trkpt>
<trkpt lat="27.755439" lon="86.710367">
	<ele>2693.46</ele>
</trkpt>
<trkpt lat="27.755667" lon="86.710292">
	<ele>2699.53</ele>
</trkpt>
<trkpt lat="27.755779" lon="86.710225">
	<ele>2707.39</ele>
</trkpt>
<trkpt lat="27.755894" lon="86.710155">
	<ele>2718.35</ele>
</trkpt>
<trkpt lat="27.756065" lon="86.710029">
	<ele>2745.18</ele>
</trkpt>
<trkpt lat="27.756101" lon="86.710019">
	<ele>2749.94</ele>
</trkpt>
<trkpt lat="27.756176" lon="86.710002">
	<ele>2759.88</ele>
</trkpt>
<trkpt lat="27.756175" lon="86.709953">
	<ele>2764.50</ele>
</trkpt>
<trkpt lat="27.756207" lon="86.709950">
	<ele>2768.37</ele>
</trkpt>
<trkpt lat="27.756261" lon="86.709962">
	<ele>2773.24</ele>
</trkpt>
<trkpt lat="27.756269" lon="86.710039">
	<ele>2766.34</ele>
</trkpt>
<trkpt lat="27.756364" lon="86.710062">
	<ele>2773.33</ele>
</trkpt>
<trkpt lat="27.756508" lon="86.710096">
	<ele>2779.62</ele>
</trkpt>
<trkpt lat="27.756681" lon="86.710122">
	<ele>2778.28</ele>
</trkpt>
<trkpt lat="27.756956" lon="86.710120">
	<ele>2752.23</ele>
</trkpt>
<trkpt lat="27.757020" lon="86.710138">
	<ele>2740.56</ele>
</trkpt>
<trkpt lat="27.757095" lon="86.710185">
	<ele>2723.81</ele>
</trkpt>
<trkpt lat="27.757139" lon="86.710237">
	<ele>2711.97</ele>
</trkpt>
<trkpt lat="27.757173" lon="86.710300">
	<ele>2701.51</ele>
</trkpt>
<trkpt lat="27.757190" lon="86.710181">
	<ele>2710.35</ele>
</trkpt>
<trkpt lat="27.757220" lon="86.710189">
	<ele>2705.43</ele>
</trkpt>
<trkpt lat="27.757265" lon="86.710237">
	<ele>2695.60</ele>
</trkpt>
<trkpt lat="27.757310" lon="86.710234">
	<ele>2690.70</ele>
</trkpt>
<trkpt lat="27.757384" lon="86.710194">
	<ele>2686.14</ele>
</trkpt>
<trkpt lat="27.757429" lon="86.710216">
	<ele>2681.24</ele>
</trkpt>
<trkpt lat="27.757504" lon="86.710196">
	<ele>2678.73</ele>
</trkpt>
<trkpt lat="27.757606" lon="86.710162">
	<ele>2679.32</ele>
</trkpt>
<trkpt lat="27.757679" lon="86.710107">
	<ele>2684.04</ele>
</trkpt>
<trkpt lat="27.757742" lon="86.710122">
	<ele>2684.72</ele>
</trkpt>
<trkpt lat="27.757791" lon="86.710106">
	<ele>2687.96</ele>
</trkpt>
<trkpt lat="27.757894" lon="86.710130">
	<ele>2691.64</ele>
</trkpt>
<trkpt lat="27.757956" lon="86.710086">
	<ele>2699.23</ele>
</trkpt>
<trkpt lat="27.758026" lon="86.710059">
	<ele>2706.52</ele>
</trkpt>
<trkpt lat="27.758171" lon="86.710069">
	<ele>2715.85</ele>
</trkpt>
<trkpt lat="27.758218" lon="86.710099">
	<ele>2716.14</ele>
</trkpt>
<trkpt lat="27.758449" lon="86.710098">
	<ele>2727.96</ele>
</trkpt>
<trkpt lat="27.758498" lon="86.710114">
	<ele>2728.66</ele>
</trkpt>
<trkpt lat="27.758548" lon="86.710192">
	<ele>2723.25</ele>
</trkpt>
<trkpt lat="27.758605" lon="86.710204">
	<ele>2724.52</ele>
</trkpt>
<trkpt lat="27.758693" lon="86.710167">
	<ele>2732.19</ele>
</trkpt>
<trkpt lat="27.758831" lon="86.710205">
	<ele>2734.42</ele>
</trkpt>
<trkpt lat="27.758918" lon="86.710208">
	<ele>2738.15</ele>
</trkpt>
<trkpt lat="27.758967" lon="86.710173">
	<ele>2744.39</ele>
</trkpt>
<trkpt lat="27.759153" lon="86.710280">
	<ele>2741.78</ele>
</trkpt>
<trkpt lat="27.759213" lon="86.710283">
	<ele>2744.75</ele>
</trkpt>
<trkpt lat="27.759440" lon="86.710424">
	<ele>2743.01</ele>
</trkpt>
<trkpt lat="27.759443" lon="86.710488">
	<ele>2736.48</ele>
</trkpt>
<trkpt lat="27.759504" lon="86.710586">
	<ele>2731.15</ele>
</trkpt>
<trkpt lat="27.759583" lon="86.710670">
	<ele>2729.59</ele>
</trkpt>
<trkpt lat="27.759679" lon="86.710690">
	<ele>2735.54</ele>
</trkpt>
<trkpt lat="27.759765" lon="86.710759">
	<ele>2736.92</ele>
</trkpt>
<trkpt lat="27.760027" lon="86.710924">
	<ele>2744.42</ele>
</trkpt>
<trkpt lat="27.760198" lon="86.711117">
	<ele>2738.81</ele>
</trkpt>
<trkpt lat="27.760368" lon="86.711310">
	<ele>2731.00</ele>
</trkpt>
<trkpt lat="27.760382" lon="86.711365">
	<ele>2726.33</ele>
</trkpt>
<trkpt lat="27.760411" lon="86.711405">
	<ele>2724.35</ele>
</trkpt>
<trkpt lat="27.760552" lon="86.711514">
	<ele>2723.96</ele>
</trkpt>
<trkpt lat="27.760710" lon="86.711678">
	<ele>2722.27</ele>
</trkpt>
<trkpt lat="27.760873" lon="86.711744">
	<ele>2730.67</ele>
</trkpt>
<trkpt lat="27.760924" lon="86.711812">
	<ele>2730.50</ele>
</trkpt>
<trkpt lat="27.761166" lon="86.711966">
	<ele>2744.62</ele>
</trkpt>
<trkpt lat="27.761292" lon="86.711976">
	<ele>2757.98</ele>
</trkpt>
<trkpt lat="27.761344" lon="86.712058">
	<ele>2757.91</ele>
</trkpt>
<trkpt lat="27.761357" lon="86.712115">
	<ele>2755.35</ele>
</trkpt>
<trkpt lat="27.761343" lon="86.712171">
	<ele>2750.07</ele>
</trkpt>
<trkpt lat="27.761377" lon="86.712239">
	<ele>2749.33</ele>
</trkpt>
<trkpt lat="27.761377" lon="86.712292">
	<ele>2746.13</ele>
</trkpt>
<trkpt lat="27.761454" lon="86.712443">
	<ele>2745.74</ele>
</trkpt>
<trkpt lat="27.761516" lon="86.712596">
	<ele>2745.49</ele>
</trkpt>
<trkpt lat="27.761573" lon="86.712651">
	<ele>2749.09</ele>
</trkpt>
<trkpt lat="27.761694" lon="86.712864">
	<ele>2754.94</ele>
</trkpt>
<trkpt lat="27.761691" lon="86.712926">
	<ele>2753.86</ele>
</trkpt>
<trkpt lat="27.761641" lon="86.712952">
	<ele>2749.77</ele>
</trkpt>
<trkpt lat="27.761560" lon="86.713031">
	<ele>2742.68</ele>
</trkpt>
<trkpt lat="27.761487" lon="86.713006">
	<ele>2736.74</ele>
</trkpt>
<trkpt lat="27.761402" lon="86.713065">
	<ele>2729.16</ele>
</trkpt>
<trkpt lat="27.761382" lon="86.713256">
	<ele>2726.30</ele>
</trkpt>
<trkpt lat="27.761425" lon="86.713568">
	<ele>2724.95</ele>
</trkpt>
<trkpt lat="27.761570" lon="86.713715">
	<ele>2732.73</ele>
</trkpt>
<trkpt lat="27.761722" lon="86.713774">
	<ele>2741.52</ele>
</trkpt>
<trkpt lat="27.761762" lon="86.713841">
	<ele>2742.88</ele>
</trkpt>
<trkpt lat="27.761814" lon="86.713955">
	<ele>2744.42</ele>
</trkpt>
<trkpt lat="27.761828" lon="86.714074">
	<ele>2743.33</ele>
</trkpt>
<trkpt lat="27.761901" lon="86.714180">
	<ele>2747.51</ele>
</trkpt>
<trkpt lat="27.761898" lon="86.714264">
	<ele>2745.96</ele>
</trkpt>
<trkpt lat="27.761940" lon="86.714296">
	<ele>2749.29</ele>
</trkpt>
<trkpt lat="27.761896" lon="86.714436">
	<ele>2743.24</ele>
</trkpt>
<trkpt lat="27.761890" lon="86.714506">
	<ele>2741.66</ele>
</trkpt>
<trkpt lat="27.761909" lon="86.714570">
	<ele>2742.73</ele>
</trkpt>
<trkpt lat="27.761959" lon="86.714626">
	<ele>2747.47</ele>
</trkpt>
<trkpt lat="27.761928" lon="86.714654">
	<ele>2743.73</ele>
</trkpt>
<trkpt lat="27.761945" lon="86.714722">
	<ele>2744.87</ele>
</trkpt>
<trkpt lat="27.761846" lon="86.714790">
	<ele>2733.14</ele>
</trkpt>
<trkpt lat="27.761807" lon="86.714784">
	<ele>2729.28</ele>
</trkpt>
<trkpt lat="27.761810" lon="86.714846">
	<ele>2728.73</ele>
</trkpt>
<trkpt lat="27.761777" lon="86.714887">
	<ele>2725.04</ele>
</trkpt>
<trkpt lat="27.761711" lon="86.714841">
	<ele>2719.89</ele>
</trkpt>
<trkpt lat="27.761618" lon="86.714828">
	<ele>2713.49</ele>
</trkpt>
<trkpt lat="27.761547" lon="86.714864">
	<ele>2708.66</ele>
</trkpt>
<trkpt lat="27.761565" lon="86.714940">
	<ele>2708.95</ele>
</trkpt>
<trkpt lat="27.761540" lon="86.715129">
	<ele>2707.21</ele>
</trkpt>
<trkpt lat="27.761511" lon="86.715139">
	<ele>2705.72</ele>
</trkpt>
<trkpt lat="27.761465" lon="86.715154">
	<ele>2703.53</ele>
</trkpt>
<trkpt lat="27.761514" lon="86.715420">
	<ele>2709.11</ele>
</trkpt>
<trkpt lat="27.761410" lon="86.715499">
	<ele>2705.20</ele>
</trkpt>
<trkpt lat="27.761333" lon="86.715594">
	<ele>2702.85</ele>
</trkpt>
<trkpt lat="27.761319" lon="86.715667">
	<ele>2702.92</ele>
</trkpt>
<trkpt lat="27.761287" lon="86.715737">
	<ele>2701.94</ele>
</trkpt>
<trkpt lat="27.761269" lon="86.715779">
	<ele>2701.30</ele>
</trkpt>
<trkpt lat="27.761261" lon="86.715852">
	<ele>2701.05</ele>
</trkpt>
<trkpt lat="27.761257" lon="86.715978">
	<ele>2700.61</ele>
</trkpt>
<trkpt lat="27.761355" lon="86.716185">
	<ele>2703.58</ele>
</trkpt>
<trkpt lat="27.761395" lon="86.716266">
	<ele>2704.55</ele>
</trkpt>
<trkpt lat="27.761521" lon="86.716357">
	<ele>2708.99</ele>
</trkpt>
<trkpt lat="27.761639" lon="86.716448">
	<ele>2712.75</ele>
</trkpt>
<trkpt lat="27.761703" lon="86.716544">
	<ele>2714.02</ele>
</trkpt>
<trkpt lat="27.761776" lon="86.716705">
	<ele>2714.89</ele>
</trkpt>
<trkpt lat="27.761784" lon="86.716798">
	<ele>2713.61</ele>
</trkpt>
<trkpt lat="27.761829" lon="86.716931">
	<ele>2712.58</ele>
</trkpt>
<trkpt lat="27.761863" lon="86.717048">
	<ele>2711.06</ele>
</trkpt>
<trkpt lat="27.762010" lon="86.717173">
	<ele>2713.30</ele>
</trkpt>
<trkpt lat="27.762138" lon="86.717311">
	<ele>2714.29</ele>
</trkpt>
<trkpt lat="27.762259" lon="86.717368">
	<ele>2717.53</ele>
</trkpt>
<trkpt lat="27.762391" lon="86.717505">
	<ele>2719.58</ele>
</trkpt>
<trkpt lat="27.762469" lon="86.717532">
	<ele>2722.54</ele>
</trkpt>
<trkpt lat="27.762584" lon="86.717583">
	<ele>2727.00</ele>
</trkpt>
<trkpt lat="27.762632" lon="86.717656">
	<ele>2727.19</ele>
</trkpt>
<trkpt lat="27.762742" lon="86.717776">
	<ele>2728.67</ele>
</trkpt>
<trkpt lat="27.762772" lon="86.717838">
	<ele>2727.68</ele>
</trkpt>
<trkpt lat="27.762784" lon="86.717897">
	<ele>2725.82</ele>
</trkpt>
<trkpt lat="27.762993" lon="86.718130">
	<ele>2724.93</ele>
</trkpt>
<trkpt lat="27.763077" lon="86.718250">
	<ele>2723.27</ele>
</trkpt>
<trkpt lat="27.763151" lon="86.718424">
	<ele>2720.56</ele>
</trkpt>
<trkpt lat="27.763290" lon="86.718864">
	<ele>2717.97</ele>
</trkpt>
<trkpt lat="27.763338" lon="86.718986">
	<ele>2717.85</ele>
</trkpt>
<trkpt lat="27.763333" lon="86.719090">
	<ele>2716.75</ele>
</trkpt>
<trkpt lat="27.763344" lon="86.719196">
	<ele>2715.82</ele>
</trkpt>
<trkpt lat="27.763527" lon="86.719421">
	<ele>2715.52</ele>
</trkpt>
<trkpt lat="27.763702" lon="86.719707">
	<ele>2715.98</ele>
</trkpt>
<trkpt lat="27.763878" lon="86.719994">
	<ele>2717.89</ele>
</trkpt>
<trkpt lat="27.764169" lon="86.719999">
	<ele>2727.11</ele>
</trkpt>
<trkpt lat="27.764190" lon="86.720209">
	<ele>2722.53</ele>
</trkpt>
<trkpt lat="27.764131" lon="86.720553">
	<ele>2713.21</ele>
</trkpt>
<trkpt lat="27.764072" lon="86.720896">
	<ele>2711.19</ele>
</trkpt>
<trkpt lat="27.764013" lon="86.721239">
	<ele>2719.15</ele>
</trkpt>
<trkpt lat="27.764052" lon="86.721490">
	<ele>2726.16</ele>
</trkpt>
<trkpt lat="27.764048" lon="86.721659">
	<ele>2731.72</ele>
</trkpt>
<trkpt lat="27.764054" lon="86.721737">
	<ele>2733.96</ele>
</trkpt>
<trkpt lat="27.764089" lon="86.721841">
	<ele>2736.15</ele>
</trkpt>
<trkpt lat="27.764245" lon="86.722005">
	<ele>2736.51</ele>
</trkpt>
<trkpt lat="27.764379" lon="86.722078">
	<ele>2735.14</ele>
</trkpt>
<trkpt lat="27.764406" lon="86.722115">
	<ele>2735.82</ele>
</trkpt>
<trkpt lat="27.764503" lon="86.722164">
	<ele>2735.30</ele>
</trkpt>
<trkpt lat="27.764622" lon="86.722329">
	<ele>2739.40</ele>
</trkpt>
<trkpt lat="27.764755" lon="86.722424">
	<ele>2740.66</ele>
</trkpt>
<trkpt lat="27.764880" lon="86.722499">
	<ele>2741.13</ele>
</trkpt>
<trkpt lat="27.765028" lon="86.722552">
	<ele>2740.04</ele>
</trkpt>
<trkpt lat="27.765096" lon="86.722646">
	<ele>2741.32</ele>
</trkpt>
<trkpt lat="27.765342" lon="86.722758">
	<ele>2737.64</ele>
</trkpt>
<trkpt lat="27.765413" lon="86.722790">
	<ele>2736.21</ele>
</trkpt>
<trkpt lat="27.765449" lon="86.722911">
	<ele>2737.39</ele>
</trkpt>
<trkpt lat="27.765460" lon="86.722999">
	<ele>2739.18</ele>
</trkpt>
<trkpt lat="27.765518" lon="86.723042">
	<ele>2738.50</ele>
</trkpt>
<trkpt lat="27.765562" lon="86.723035">
	<ele>2736.88</ele>
</trkpt>
<trkpt lat="27.765688" lon="86.722988">
	<ele>2732.22</ele>
</trkpt>
<trkpt lat="27.765806" lon="86.723065">
	<ele>2732.24</ele>
</trkpt>
<trkpt lat="27.765864" lon="86.723097">
	<ele>2732.83</ele>
</trkpt>
<trkpt lat="27.765946" lon="86.723187">
	<ele>2736.86</ele>
</trkpt>
<trkpt lat="27.766003" lon="86.723278">
	<ele>2743.23</ele>
</trkpt>
<trkpt lat="27.766186" lon="86.723485">
	<ele>2768.82</ele>
</trkpt>
<trkpt lat="27.766261" lon="86.723474">
	<ele>2768.21</ele>
</trkpt>
<trkpt lat="27.766261" lon="86.723388">
	<ele>2756.81</ele>
</trkpt>
<trkpt lat="27.766286" lon="86.723358">
	<ele>2753.87</ele>
</trkpt>
<trkpt lat="27.766390" lon="86.723345">
	<ele>2754.33</ele>
</trkpt>
<trkpt lat="27.766423" lon="86.723391">
	<ele>2759.83</ele>
</trkpt>
<trkpt lat="27.766555" lon="86.723407">
	<ele>2763.76</ele>
</trkpt>
<trkpt lat="27.766630" lon="86.723359">
	<ele>2759.80</ele>
</trkpt>
<trkpt lat="27.766752" lon="86.723289">
	<ele>2755.83</ele>
</trkpt>
<trkpt lat="27.766893" lon="86.723257">
	<ele>2756.52</ele>
</trkpt>
<trkpt lat="27.766989" lon="86.723234">
	<ele>2757.48</ele>
</trkpt>
<trkpt lat="27.767092" lon="86.723226">
	<ele>2759.78</ele>
</trkpt>
<trkpt lat="27.767207" lon="86.723259">
	<ele>2764.34</ele>
</trkpt>
<trkpt lat="27.767366" lon="86.723226">
	<ele>2767.04</ele>
</trkpt>
<trkpt lat="27.767593" lon="86.723222">
	<ele>2772.14</ele>
</trkpt>
<trkpt lat="27.767607" lon="86.723222">
	<ele>2772.46</ele>
</trkpt>
<trkpt lat="27.767694" lon="86.723195">
	<ele>2773.90</ele>
</trkpt>
<trkpt lat="27.767935" lon="86.723204">
	<ele>2779.74</ele>
</trkpt>
<trkpt lat="27.768293" lon="86.723119">
	<ele>2784.40</ele>
</trkpt>
<trkpt lat="27.768527" lon="86.723090">
	<ele>2782.61</ele>
</trkpt>
<trkpt lat="27.768782" lon="86.723074">
	<ele>2775.86</ele>
</trkpt>
<trkpt lat="27.768864" lon="86.723114">
	<ele>2775.10</ele>
</trkpt>
<trkpt lat="27.769055" lon="86.723309">
	<ele>2780.25</ele>
</trkpt>
<trkpt lat="27.769245" lon="86.723503">
	<ele>2787.33</ele>
</trkpt>
<trkpt lat="27.769486" lon="86.723744">
	<ele>2795.91</ele>
</trkpt>
<trkpt lat="27.769468" lon="86.723786">
	<ele>2797.47</ele>
</trkpt>
<trkpt lat="27.769512" lon="86.723819">
	<ele>2798.06</ele>
</trkpt>
<trkpt lat="27.769518" lon="86.723786">
	<ele>2796.96</ele>
</trkpt>
<trkpt lat="27.769532" lon="86.723806">
	<ele>2797.42</ele>
</trkpt>
<trkpt lat="27.769707" lon="86.723901">
	<ele>2797.55</ele>
</trkpt>
<trkpt lat="27.769707" lon="86.724008">
	<ele>2799.67</ele>
</trkpt>
<trkpt lat="27.769751" lon="86.723978">
	<ele>2798.34</ele>
</trkpt>
<trkpt lat="27.769791" lon="86.723958">
	<ele>2797.49</ele>
</trkpt>
<trkpt lat="27.769821" lon="86.723966">
	<ele>2797.29</ele>
</trkpt>
<trkpt lat="27.769868" lon="86.723892">
	<ele>2796.15</ele>
</trkpt>
<trkpt lat="27.769876" lon="86.724001">
	<ele>2797.30</ele>
</trkpt>
<trkpt lat="27.769949" lon="86.724139">
	<ele>2798.57</ele>
</trkpt>
<trkpt lat="27.770089" lon="86.724365">
	<ele>2801.79</ele>
</trkpt>
<trkpt lat="27.770127" lon="86.724139">
	<ele>2800.47</ele>
</trkpt>
<trkpt lat="27.770173" lon="86.724142">
	<ele>2801.55</ele>
</trkpt>
<trkpt lat="27.770166" lon="86.724004">
	<ele>2800.41</ele>
</trkpt>
<trkpt lat="27.770168" lon="86.723717">
	<ele>2799.42</ele>
</trkpt>
<trkpt lat="27.770429" lon="86.723650">
	<ele>2807.40</ele>
</trkpt>
<trkpt lat="27.770680" lon="86.723592">
	<ele>2815.89</ele>
</trkpt>
<trkpt lat="27.770995" lon="86.723447">
	<ele>2824.36</ele>
</trkpt>
<trkpt lat="27.771100" lon="86.723309">
	<ele>2824.57</ele>
</trkpt>
<trkpt lat="27.771278" lon="86.723248">
	<ele>2827.11</ele>
</trkpt>
<trkpt lat="27.771488" lon="86.723092">
	<ele>2821.60</ele>
</trkpt>
<trkpt lat="27.771578" lon="86.722956">
	<ele>2813.59</ele>
</trkpt>
<trkpt lat="27.771770" lon="86.722821">
	<ele>2823.41</ele>
</trkpt>
<trkpt lat="27.772053" lon="86.722802">
	<ele>2874.90</ele>
</trkpt>
<trkpt lat="27.772195" lon="86.722829">
	<ele>2901.31</ele>
</trkpt>
<trkpt lat="27.772340" lon="86.722954">
	<ele>2909.11</ele>
</trkpt>
<trkpt lat="27.772570" lon="86.723000">
	<ele>2922.24</ele>
</trkpt>
<trkpt lat="27.772731" lon="86.722968">
	<ele>2935.25</ele>
</trkpt>
<trkpt lat="27.772682" lon="86.722467">
	<ele>3017.70</ele>
</trkpt>
<trkpt lat="27.772731" lon="86.722968">
	<ele>2935.25</ele>
</trkpt>
<trkpt lat="27.772926" lon="86.722933">
	<ele>2947.04</ele>
</trkpt>
<trkpt lat="27.773026" lon="86.722853">
	<ele>2966.97</ele>
</trkpt>
<trkpt lat="27.773294" lon="86.722751">
	<ele>2995.72</ele>
</trkpt>
<trkpt lat="27.773270" lon="86.722684">
	<ele>3007.47</ele>
</trkpt>
<trkpt lat="27.773384" lon="86.722602">
	<ele>3023.96</ele>
</trkpt>
<trkpt lat="27.773553" lon="86.722436">
	<ele>3043.92</ele>
</trkpt>
<trkpt lat="27.773808" lon="86.722279">
	<ele>3049.28</ele>
</trkpt>
<trkpt lat="27.773830" lon="86.722229">
	<ele>3048.40</ele>
</trkpt>
<trkpt lat="27.773855" lon="86.722101">
	<ele>3045.26</ele>
</trkpt>
<trkpt lat="27.773907" lon="86.722109">
	<ele>3043.41</ele>
</trkpt>
<trkpt lat="27.773932" lon="86.722164">
	<ele>3043.46</ele>
</trkpt>
<trkpt lat="27.773968" lon="86.722208">
	<ele>3042.31</ele>
</trkpt>
<trkpt lat="27.774016" lon="86.722198">
	<ele>3038.69</ele>
</trkpt>
<trkpt lat="27.774043" lon="86.722113">
	<ele>3034.29</ele>
</trkpt>
<trkpt lat="27.774092" lon="86.722015">
	<ele>3026.54</ele>
</trkpt>
<trkpt lat="27.774138" lon="86.722068">
	<ele>3022.51</ele>
</trkpt>
<trkpt lat="27.774159" lon="86.722082">
	<ele>3020.06</ele>
</trkpt>
<trkpt lat="27.774199" lon="86.722034">
	<ele>3012.52</ele>
</trkpt>
<trkpt lat="27.774199" lon="86.721972">
	<ele>3010.71</ele>
</trkpt>
<trkpt lat="27.774229" lon="86.721977">
	<ele>3005.46</ele>
</trkpt>
<trkpt lat="27.774279" lon="86.722033">
	<ele>2996.69</ele>
</trkpt>
<trkpt lat="27.774299" lon="86.721970">
	<ele>2990.36</ele>
</trkpt>
<trkpt lat="27.774381" lon="86.721992">
	<ele>2970.09</ele>
</trkpt>
<trkpt lat="27.774412" lon="86.721972">
	<ele>2960.94</ele>
</trkpt>
<trkpt lat="27.774401" lon="86.721935">
	<ele>2963.10</ele>
</trkpt>
<trkpt lat="27.774574" lon="86.721943">
	<ele>2911.46</ele>
</trkpt>
<trkpt lat="27.774713" lon="86.721956">
	<ele>2869.25</ele>
</trkpt>
<trkpt lat="27.774860" lon="86.721989">
	<ele>2830.26</ele>
</trkpt>
<trkpt lat="27.775030" lon="86.722004">
	<ele>2799.78</ele>
</trkpt>
<trkpt lat="27.775110" lon="86.721960">
	<ele>2791.28</ele>
</trkpt>
<trkpt lat="27.775265" lon="86.722051">
	<ele>2783.71</ele>
</trkpt>
<trkpt lat="27.775280" lon="86.722017">
	<ele>2783.04</ele>
</trkpt>
<trkpt lat="27.775354" lon="86.722020">
	<ele>2782.10</ele>
</trkpt>
<trkpt lat="27.775431" lon="86.721997">
	<ele>2782.13</ele>
</trkpt>
<trkpt lat="27.775527" lon="86.722091">
	<ele>2784.20</ele>
</trkpt>
<trkpt lat="27.775584" lon="86.722066">
	<ele>2784.69</ele>
</trkpt>
<trkpt lat="27.775775" lon="86.722058">
	<ele>2785.48</ele>
</trkpt>
<trkpt lat="27.775864" lon="86.722049">
	<ele>2783.51</ele>
</trkpt>
<trkpt lat="27.775985" lon="86.722083">
	<ele>2779.81</ele>
</trkpt>
<trkpt lat="27.776055" lon="86.722076">
	<ele>2777.32</ele>
</trkpt>
<trkpt lat="27.776160" lon="86.722062">
	<ele>2773.60</ele>
</trkpt>
<trkpt lat="27.776168" lon="86.722061">
	<ele>2773.32</ele>
</trkpt>
<trkpt lat="27.776187" lon="86.722078">
	<ele>2772.46</ele>
</trkpt>
<trkpt lat="27.776211" lon="86.722182">
	<ele>2771.64</ele>
</trkpt>
<trkpt lat="27.776254" lon="86.722182">
	<ele>2769.83</ele>
</trkpt>
<trkpt lat="27.776328" lon="86.722157">
	<ele>2766.70</ele>
</trkpt>
<trkpt lat="27.776364" lon="86.722172">
	<ele>2765.34</ele>
</trkpt>
<trkpt lat="27.776386" lon="86.722201">
	<ele>2764.70</ele>
</trkpt>
<trkpt lat="27.776431" lon="86.722223">
	<ele>2763.30</ele>
</trkpt>
<trkpt lat="27.776601" lon="86.721836">
	<ele>2771.09</ele>
</trkpt>
<trkpt lat="27.776770" lon="86.721448">
	<ele>2784.13</ele>
</trkpt>
<trkpt lat="27.776940" lon="86.721061">
	<ele>2809.36</ele>
</trkpt>
<trkpt lat="27.777015" lon="86.721139">
	<ele>2808.60</ele>
</trkpt>
<trkpt lat="27.777047" lon="86.721155">
	<ele>2809.23</ele>
</trkpt>
<trkpt lat="27.777093" lon="86.721156">
	<ele>2811.53</ele>
</trkpt>
<trkpt lat="27.777186" lon="86.721241">
	<ele>2810.21</ele>
</trkpt>
<trkpt lat="27.777289" lon="86.721244">
	<ele>2814.75</ele>
</trkpt>
<trkpt lat="27.777343" lon="86.721292">
	<ele>2813.35</ele>
</trkpt>
<trkpt lat="27.777367" lon="86.721367">
	<ele>2808.46</ele>
</trkpt>
<trkpt lat="27.777402" lon="86.721474">
	<ele>2801.83</ele>
</trkpt>
<trkpt lat="27.777478" lon="86.721562">
	<ele>2798.20</ele>
</trkpt>
<trkpt lat="27.777601" lon="86.721744">
	<ele>2790.71</ele>
</trkpt>
<trkpt lat="27.777672" lon="86.721820">
	<ele>2786.65</ele>
</trkpt>
<trkpt lat="27.777745" lon="86.721826">
	<ele>2787.52</ele>
</trkpt>
<trkpt lat="27.777942" lon="86.721937">
	<ele>2782.54</ele>
</trkpt>
<trkpt lat="27.778033" lon="86.722013">
	<ele>2778.77</ele>
</trkpt>
<trkpt lat="27.778116" lon="86.722038">
	<ele>2778.82</ele>
</trkpt>
<trkpt lat="27.778242" lon="86.722096">
	<ele>2778.09</ele>
</trkpt>
<trkpt lat="27.778287" lon="86.722067">
	<ele>2780.80</ele>
</trkpt>
<trkpt lat="27.778552" lon="86.722275">
	<ele>2774.07</ele>
</trkpt>
<trkpt lat="27.778596" lon="86.722256">
	<ele>2773.26</ele>
</trkpt>
<trkpt lat="27.778789" lon="86.722409">
	<ele>2772.04</ele>
</trkpt>
<trkpt lat="27.779103" lon="86.722498">
	<ele>2793.89</ele>
</trkpt>
<trkpt lat="27.779181" lon="86.722504">
	<ele>2805.99</ele>
</trkpt>
<trkpt lat="27.779334" lon="86.722510">
	<ele>2844.22</ele>
</trkpt>
<trkpt lat="27.779471" lon="86.722569">
	<ele>2900.18</ele>
</trkpt>
<trkpt lat="27.779622" lon="86.722575">
	<ele>2957.10</ele>
</trkpt>
<trkpt lat="27.779680" lon="86.722549">
	<ele>2974.72</ele>
</trkpt>
<trkpt lat="27.779828" lon="86.722520">
	<ele>3021.50</ele>
</trkpt>
<trkpt lat="27.779996" lon="86.722435">
	<ele>3051.29</ele>
</trkpt>
<trkpt lat="27.780070" lon="86.722357">
	<ele>3048.55</ele>
</trkpt>
<trkpt lat="27.780241" lon="86.722302">
	<ele>3048.17</ele>
</trkpt>
<trkpt lat="27.780299" lon="86.722220">
	<ele>3030.10</ele>
</trkpt>
<trkpt lat="27.780343" lon="86.722259">
	<ele>3038.84</ele>
</trkpt>
<trkpt lat="27.780493" lon="86.722735">
	<ele>3101.20</ele>
</trkpt>
<trkpt lat="27.780643" lon="86.723211">
	<ele>3117.94</ele>
</trkpt>
<trkpt lat="27.780686" lon="86.723289">
	<ele>3121.47</ele>
</trkpt>
<trkpt lat="27.780728" lon="86.723270">
	<ele>3121.17</ele>
</trkpt>
<trkpt lat="27.780710" lon="86.723223">
	<ele>3119.03</ele>
</trkpt>
<trkpt lat="27.780766" lon="86.723216">
	<ele>3119.35</ele>
</trkpt>
<trkpt lat="27.780808" lon="86.723194">
	<ele>3118.95</ele>
</trkpt>
<trkpt lat="27.780844" lon="86.723140">
	<ele>3117.23</ele>
</trkpt>
<trkpt lat="27.780945" lon="86.723074">
	<ele>3115.68</ele>
</trkpt>
<trkpt lat="27.781090" lon="86.723018">
	<ele>3114.30</ele>
</trkpt>
<trkpt lat="27.781192" lon="86.722932">
	<ele>3110.41</ele>
</trkpt>
<trkpt lat="27.781293" lon="86.722890">
	<ele>3108.22</ele>
</trkpt>
<trkpt lat="27.781396" lon="86.722874">
	<ele>3107.52</ele>
</trkpt>
<trkpt lat="27.781440" lon="86.722841">
	<ele>3105.43</ele>
</trkpt>
<trkpt lat="27.781558" lon="86.722814">
	<ele>3104.26</ele>
</trkpt>
<trkpt lat="27.781724" lon="86.722688">
	<ele>3095.17</ele>
</trkpt>
<trkpt lat="27.781886" lon="86.722717">
	<ele>3101.82</ele>
</trkpt>
<trkpt lat="27.781929" lon="86.722724">
	<ele>3103.66</ele>
</trkpt>
<trkpt lat="27.782052" lon="86.722681">
	<ele>3102.76</ele>
</trkpt>
<trkpt lat="27.782191" lon="86.722650">
	<ele>3103.70</ele>
</trkpt>
<trkpt lat="27.782237" lon="86.722599">
	<ele>3098.66</ele>
</trkpt>
<trkpt lat="27.782551" lon="86.722510">
	<ele>3097.75</ele>
</trkpt>
<trkpt lat="27.782789" lon="86.722476">
	<ele>3106.98</ele>
</trkpt>
<trkpt lat="27.782847" lon="86.722496">
	<ele>3113.84</ele>
</trkpt>
<trkpt lat="27.782864" lon="86.722472">
	<ele>3111.95</ele>
</trkpt>
<trkpt lat="27.783119" lon="86.722436">
	<ele>3128.95</ele>
</trkpt>
<trkpt lat="27.783249" lon="86.722408">
	<ele>3138.30</ele>
</trkpt>
<trkpt lat="27.783338" lon="86.722388">
	<ele>3144.77</ele>
</trkpt>
<trkpt lat="27.783375" lon="86.722409">
	<ele>3148.03</ele>
</trkpt>
<trkpt lat="27.783533" lon="86.722400">
	<ele>3159.35</ele>
</trkpt>
<trkpt lat="27.783571" lon="86.722435">
	<ele>3162.28</ele>
</trkpt>
<trkpt lat="27.783624" lon="86.722468">
	<ele>3166.27</ele>
</trkpt>
<trkpt lat="27.783688" lon="86.722469">
	<ele>3170.49</ele>
</trkpt>
<trkpt lat="27.783819" lon="86.722500">
	<ele>3179.34</ele>
</trkpt>
<trkpt lat="27.783938" lon="86.722483">
	<ele>3186.06</ele>
</trkpt>
<trkpt lat="27.784041" lon="86.722408">
	<ele>3191.03</ele>
</trkpt>
<trkpt lat="27.784196" lon="86.722381">
	<ele>3198.37</ele>
</trkpt>
<trkpt lat="27.784408" lon="86.722388">
	<ele>3205.97</ele>
</trkpt>
<trkpt lat="27.784513" lon="86.722332">
	<ele>3208.97</ele>
</trkpt>
<trkpt lat="27.784648" lon="86.722294">
	<ele>3211.90</ele>
</trkpt>
<trkpt lat="27.784739" lon="86.722225">
	<ele>3213.25</ele>
</trkpt>
<trkpt lat="27.784808" lon="86.722204">
	<ele>3214.08</ele>
</trkpt>
<trkpt lat="27.784878" lon="86.722165">
	<ele>3214.67</ele>
</trkpt>
<trkpt lat="27.785034" lon="86.722051">
	<ele>3215.39</ele>
</trkpt>
<trkpt lat="27.785154" lon="86.721951">
	<ele>3215.49</ele>
</trkpt>
<trkpt lat="27.785206" lon="86.721866">
	<ele>3214.68</ele>
</trkpt>
<trkpt lat="27.785269" lon="86.721829">
	<ele>3215.00</ele>
</trkpt>
<trkpt lat="27.785365" lon="86.721820">
	<ele>3216.41</ele>
</trkpt>
<trkpt lat="27.785405" lon="86.721794">
	<ele>3216.61</ele>
</trkpt>
<trkpt lat="27.785427" lon="86.721752">
	<ele>3216.23</ele>
</trkpt>
<trkpt lat="27.785501" lon="86.721705">
	<ele>3216.68</ele>
</trkpt>
<trkpt lat="27.785548" lon="86.721675">
	<ele>3216.97</ele>
</trkpt>
<trkpt lat="27.785589" lon="86.721634">
	<ele>3217.16</ele>
</trkpt>
<trkpt lat="27.785665" lon="86.721579">
	<ele>3218.71</ele>
</trkpt>
<trkpt lat="27.785708" lon="86.721563">
	<ele>3219.76</ele>
</trkpt>
<trkpt lat="27.785754" lon="86.721572">
	<ele>3220.56</ele>
</trkpt>
<trkpt lat="27.785787" lon="86.721548">
	<ele>3221.64</ele>
</trkpt>
<trkpt lat="27.785813" lon="86.721552">
	<ele>3222.12</ele>
</trkpt>
<trkpt lat="27.785855" lon="86.721531">
	<ele>3223.49</ele>
</trkpt>
<trkpt lat="27.785902" lon="86.721512">
	<ele>3224.99</ele>
</trkpt>
<trkpt lat="27.785946" lon="86.721494">
	<ele>3226.41</ele>
</trkpt>
<trkpt lat="27.785984" lon="86.721450">
	<ele>3228.53</ele>
</trkpt>
<trkpt lat="27.786042" lon="86.721407">
	<ele>3230.92</ele>
</trkpt>
<trkpt lat="27.786097" lon="86.721388">
	<ele>3232.27</ele>
</trkpt>
<trkpt lat="27.786136" lon="86.721328">
	<ele>3234.43</ele>
</trkpt>
<trkpt lat="27.786181" lon="86.721316">
	<ele>3235.05</ele>
</trkpt>
<trkpt lat="27.786224" lon="86.721309">
	<ele>3235.44</ele>
</trkpt>
<trkpt lat="27.786257" lon="86.721266">
	<ele>3236.38</ele>
</trkpt>
<trkpt lat="27.786257" lon="86.721134">
	<ele>3237.59</ele>
</trkpt>
<trkpt lat="27.786347" lon="86.720974">
	<ele>3235.58</ele>
</trkpt>
<trkpt lat="27.786342" lon="86.720940">
	<ele>3234.47</ele>
</trkpt>
<trkpt lat="27.786413" lon="86.720849">
	<ele>3232.57</ele>
</trkpt>
<trkpt lat="27.786477" lon="86.720691">
	<ele>3227.49</ele>
</trkpt>
<trkpt lat="27.786569" lon="86.720571">
	<ele>3231.70</ele>
</trkpt>
<trkpt lat="27.786654" lon="86.720503">
	<ele>3241.17</ele>
</trkpt>
<trkpt lat="27.786682" lon="86.720403">
	<ele>3245.39</ele>
</trkpt>
<trkpt lat="27.786762" lon="86.720368">
	<ele>3254.77</ele>
</trkpt>
<trkpt lat="27.786871" lon="86.720267">
	<ele>3266.01</ele>
</trkpt>
<trkpt lat="27.787025" lon="86.720238">
	<ele>3269.69</ele>
</trkpt>
<trkpt lat="27.787126" lon="86.720118">
	<ele>3270.86</ele>
</trkpt>
<trkpt lat="27.787232" lon="86.720011">
	<ele>3267.89</ele>
</trkpt>
<trkpt lat="27.787360" lon="86.719987">
	<ele>3262.28</ele>
</trkpt>
<trkpt lat="27.787464" lon="86.719943">
	<ele>3260.23</ele>
</trkpt>
<trkpt lat="27.787643" lon="86.719809">
	<ele>3262.40</ele>
</trkpt>
<trkpt lat="27.787797" lon="86.719795">
	<ele>3264.44</ele>
</trkpt>
<trkpt lat="27.787951" lon="86.719693">
	<ele>3268.98</ele>
</trkpt>
<trkpt lat="27.787983" lon="86.719707">
	<ele>3268.80</ele>
</trkpt>
<trkpt lat="27.788092" lon="86.719643">
	<ele>3270.65</ele>
</trkpt>
<trkpt lat="27.788172" lon="86.719590">
	<ele>3270.04</ele>
</trkpt>
<trkpt lat="27.788188" lon="86.719565">
	<ele>3269.84</ele>
</trkpt>
<trkpt lat="27.788172" lon="86.719543">
	<ele>3271.06</ele>
</trkpt>
<trkpt lat="27.788187" lon="86.719535">
	<ele>3270.46</ele>
</trkpt>
<trkpt lat="27.788216" lon="86.719535">
	<ele>3268.70</ele>
</trkpt>
<trkpt lat="27.788238" lon="86.719571">
	<ele>3266.78</ele>
</trkpt>
<trkpt lat="27.788290" lon="86.719514">
	<ele>3262.37</ele>
</trkpt>
<trkpt lat="27.788341" lon="86.719508">
	<ele>3255.95</ele>
</trkpt>
<trkpt lat="27.788412" lon="86.719550">
	<ele>3245.03</ele>
</trkpt>
<trkpt lat="27.788485" lon="86.719567">
	<ele>3229.91</ele>
</trkpt>
<trkpt lat="27.788537" lon="86.719568">
	<ele>3216.46</ele>
</trkpt>
<trkpt lat="27.788633" lon="86.719575">
	<ele>3189.95</ele>
</trkpt>
<trkpt lat="27.788706" lon="86.719599">
	<ele>3174.92</ele>
</trkpt>
<trkpt lat="27.788731" lon="86.719636">
	<ele>3179.81</ele>
</trkpt>
<trkpt lat="27.788767" lon="86.719615">
	<ele>3163.50</ele>
</trkpt>
<trkpt lat="27.788954" lon="86.719563">
	<ele>3093.75</ele>
</trkpt>
<trkpt lat="27.788977" lon="86.719559">
	<ele>3086.83</ele>
</trkpt>
<trkpt lat="27.789017" lon="86.719552">
	<ele>3075.62</ele>
</trkpt>
<trkpt lat="27.789085" lon="86.719562">
	<ele>3072.46</ele>
</trkpt>
<trkpt lat="27.789189" lon="86.719588">
	<ele>3085.59</ele>
</trkpt>
<trkpt lat="27.789295" lon="86.719524">
	<ele>3061.07</ele>
</trkpt>
<trkpt lat="27.789387" lon="86.719489">
	<ele>3065.72</ele>
</trkpt>
<trkpt lat="27.789511" lon="86.719456">
	<ele>3096.33</ele>
</trkpt>
<trkpt lat="27.789597" lon="86.719410">
	<ele>3117.93</ele>
</trkpt>
<trkpt lat="27.789692" lon="86.719385">
	<ele>3156.80</ele>
</trkpt>
<trkpt lat="27.789856" lon="86.719364">
	<ele>3226.36</ele>
</trkpt>
<trkpt lat="27.789941" lon="86.719419">
	<ele>3262.73</ele>
</trkpt>
<trkpt lat="27.789824" lon="86.719503">
	<ele>3238.40</ele>
</trkpt>
<trkpt lat="27.789846" lon="86.719539">
	<ele>3250.81</ele>
</trkpt>
<trkpt lat="27.789899" lon="86.719559">
	<ele>3267.36</ele>
</trkpt>
<trkpt lat="27.789968" lon="86.719585">
	<ele>3283.12</ele>
</trkpt>
<trkpt lat="27.790027" lon="86.719602">
	<ele>3291.39</ele>
</trkpt>
<trkpt lat="27.790127" lon="86.719610">
	<ele>3299.45</ele>
</trkpt>
<trkpt lat="27.790182" lon="86.719581">
	<ele>3301.72</ele>
</trkpt>
<trkpt lat="27.790230" lon="86.719495">
	<ele>3301.13</ele>
</trkpt>
<trkpt lat="27.790233" lon="86.719473">
	<ele>3300.25</ele>
</trkpt>
<trkpt lat="27.790251" lon="86.719119">
	<ele>3244.47</ele>
</trkpt>
<trkpt lat="27.790269" lon="86.718765">
	<ele>3074.35</ele>
</trkpt>
<trkpt lat="27.790287" lon="86.718411">
	<ele>2901.08</ele>
</trkpt>
<trkpt lat="27.790296" lon="86.718328">
	<ele>2877.95</ele>
</trkpt>
<trkpt lat="27.790269" lon="86.718309">
	<ele>2873.73</ele>
</trkpt>
<trkpt lat="27.790304" lon="86.718274">
	<ele>2867.78</ele>
</trkpt>
<trkpt lat="27.790403" lon="86.718167">
	<ele>2858.85</ele>
</trkpt>
<trkpt lat="27.790484" lon="86.718108">
	<ele>2861.25</ele>
</trkpt>
<trkpt lat="27.790532" lon="86.717990">
	<ele>2868.36</ele>
</trkpt>
<trkpt lat="27.790560" lon="86.717944">
	<ele>2874.06</ele>
</trkpt>
<trkpt lat="27.790552" lon="86.718010">
	<ele>2868.95</ele>
</trkpt>
<trkpt lat="27.790553" lon="86.718054">
	<ele>2867.16</ele>
</trkpt>
<trkpt lat="27.790562" lon="86.718122">
	<ele>2867.13</ele>
</trkpt>
<trkpt lat="27.790615" lon="86.718020">
	<ele>2874.42</ele>
</trkpt>
<trkpt lat="27.790655" lon="86.717962">
	<ele>2882.41</ele>
</trkpt>
<trkpt lat="27.790742" lon="86.717824">
	<ele>2904.76</ele>
</trkpt>
<trkpt lat="27.790848" lon="86.717653">
	<ele>2930.20</ele>
</trkpt>
<trkpt lat="27.790953" lon="86.717574">
	<ele>2942.60</ele>
</trkpt>
<trkpt lat="27.790971" lon="86.717586">
	<ele>2944.06</ele>
</trkpt>
<trkpt lat="27.790934" lon="86.717755">
	<ele>2934.58</ele>
</trkpt>
<trkpt lat="27.790992" lon="86.717693">
	<ele>2944.54</ele>
</trkpt>
<trkpt lat="27.791030" lon="86.717619">
	<ele>2949.44</ele>
</trkpt>
<trkpt lat="27.791088" lon="86.717557">
	<ele>2953.47</ele>
</trkpt>
<trkpt lat="27.791205" lon="86.717465">
	<ele>2957.64</ele>
</trkpt>
<trkpt lat="27.791192" lon="86.717711">
	<ele>2972.57</ele>
</trkpt>
<trkpt lat="27.791223" lon="86.717780">
	<ele>2983.95</ele>
</trkpt>
<trkpt lat="27.791274" lon="86.717784">
	<ele>2994.22</ele>
</trkpt>
<trkpt lat="27.791310" lon="86.717682">
	<ele>2986.80</ele>
</trkpt>
<trkpt lat="27.791355" lon="86.717645">
	<ele>2987.93</ele>
</trkpt>
<trkpt lat="27.791453" lon="86.717495">
	<ele>2981.02</ele>
</trkpt>
<trkpt lat="27.791485" lon="86.717514">
	<ele>2986.56</ele>
</trkpt>
<trkpt lat="27.791467" lon="86.717628">
	<ele>3000.04</ele>
</trkpt>
<trkpt lat="27.791498" lon="86.717702">
	<ele>3018.18</ele>
</trkpt>
<trkpt lat="27.791612" lon="86.717377">
	<ele>2994.08</ele>
</trkpt>
<trkpt lat="27.791616" lon="86.717206">
	<ele>2995.28</ele>
</trkpt>
<trkpt lat="27.791620" lon="86.716972">
	<ele>3007.47</ele>
</trkpt>
<trkpt lat="27.791595" lon="86.716904">
	<ele>3007.61</ele>
</trkpt>
<trkpt lat="27.791551" lon="86.716816">
	<ele>3005.13</ele>
</trkpt>
<trkpt lat="27.791534" lon="86.716763">
	<ele>3003.87</ele>
</trkpt>
<trkpt lat="27.791680" lon="86.716599">
	<ele>3018.92</ele>
</trkpt>
<trkpt lat="27.791738" lon="86.716461">
	<ele>3017.61</ele>
</trkpt>
<trkpt lat="27.791772" lon="86.716416">
	<ele>3018.31</ele>
</trkpt>
<trkpt lat="27.791866" lon="86.716294">
	<ele>3020.24</ele>
</trkpt>
<trkpt lat="27.791953" lon="86.716164">
	<ele>3022.05</ele>
</trkpt>
<trkpt lat="27.792025" lon="86.716049">
	<ele>3024.77</ele>
</trkpt>
<trkpt lat="27.792068" lon="86.715917">
	<ele>3023.26</ele>
</trkpt>
<trkpt lat="27.792109" lon="86.715851">
	<ele>3025.40</ele>
</trkpt>
<trkpt lat="27.792196" lon="86.715831">
	<ele>3037.58</ele>
</trkpt>
<trkpt lat="27.792276" lon="86.715791">
	<ele>3046.76</ele>
</trkpt>
<trkpt lat="27.792310" lon="86.715756">
	<ele>3049.09</ele>
</trkpt>
<trkpt lat="27.792307" lon="86.715778">
	<ele>3050.27</ele>
</trkpt>
<trkpt lat="27.792334" lon="86.715779">
	<ele>3054.07</ele>
</trkpt>
<trkpt lat="27.792315" lon="86.715850">
	<ele>3056.05</ele>
</trkpt>
<trkpt lat="27.792266" lon="86.715922">
	<ele>3052.96</ele>
</trkpt>
<trkpt lat="27.792286" lon="86.715952">
	<ele>3056.94</ele>
</trkpt>
<trkpt lat="27.792407" lon="86.715871">
	<ele>3068.88</ele>
</trkpt>
<trkpt lat="27.792448" lon="86.715870">
	<ele>3073.47</ele>
</trkpt>
<trkpt lat="27.792575" lon="86.715856">
	<ele>3084.77</ele>
</trkpt>
<trkpt lat="27.792676" lon="86.715791">
	<ele>3089.12</ele>
</trkpt>
<trkpt lat="27.792719" lon="86.715813">
	<ele>3093.03</ele>
</trkpt>
<trkpt lat="27.792793" lon="86.715728">
	<ele>3093.11</ele>
</trkpt>
<trkpt lat="27.792834" lon="86.715747">
	<ele>3096.45</ele>
</trkpt>
<trkpt lat="27.792797" lon="86.715802">
	<ele>3097.04</ele>
</trkpt>
<trkpt lat="27.792820" lon="86.715828">
	<ele>3099.28</ele>
</trkpt>
<trkpt lat="27.792913" lon="86.715750">
	<ele>3100.61</ele>
</trkpt>
<trkpt lat="27.792985" lon="86.715699">
	<ele>3101.69</ele>
</trkpt>
<trkpt lat="27.793097" lon="86.715674">
	<ele>3105.79</ele>
</trkpt>
<trkpt lat="27.793097" lon="86.715732">
	<ele>3108.08</ele>
</trkpt>
<trkpt lat="27.793038" lon="86.715856">
	<ele>3109.03</ele>
</trkpt>
<trkpt lat="27.792994" lon="86.715926">
	<ele>3108.16</ele>
</trkpt>
<trkpt lat="27.793021" lon="86.715950">
	<ele>3109.03</ele>
</trkpt>
<trkpt lat="27.793062" lon="86.715926">
	<ele>3110.35</ele>
</trkpt>
<trkpt lat="27.793105" lon="86.715886">
	<ele>3111.64</ele>
</trkpt>
<trkpt lat="27.793164" lon="86.715864">
	<ele>3113.52</ele>
</trkpt>
<trkpt lat="27.793139" lon="86.715933">
	<ele>3112.77</ele>
</trkpt>
<trkpt lat="27.793097" lon="86.715985">
	<ele>3111.07</ele>
</trkpt>
<trkpt lat="27.793181" lon="86.715973">
	<ele>3113.76</ele>
</trkpt>
<trkpt lat="27.793252" lon="86.715949">
	<ele>3116.41</ele>
</trkpt>
<trkpt lat="27.793342" lon="86.715909">
	<ele>3120.31</ele>
</trkpt>
<trkpt lat="27.793411" lon="86.715878">
	<ele>3123.34</ele>
</trkpt>
<trkpt lat="27.793461" lon="86.715820">
	<ele>3125.37</ele>
</trkpt>
<trkpt lat="27.793515" lon="86.715786">
	<ele>3127.29</ele>
</trkpt>
<trkpt lat="27.793578" lon="86.715793">
	<ele>3129.77</ele>
</trkpt>
<trkpt lat="27.793777" lon="86.715822">
	<ele>3137.03</ele>
</trkpt>
<trkpt lat="27.794031" lon="86.715831">
	<ele>3146.35</ele>
</trkpt>
<trkpt lat="27.794083" lon="86.715790">
	<ele>3148.42</ele>
</trkpt>
<trkpt lat="27.794169" lon="86.715778">
	<ele>3152.07</ele>
</trkpt>
<trkpt lat="27.794290" lon="86.715733">
	<ele>3157.35</ele>
</trkpt>
<trkpt lat="27.794434" lon="86.715657">
	<ele>3163.32</ele>
</trkpt>
<trkpt lat="27.794516" lon="86.715560">
	<ele>3165.16</ele>
</trkpt>
<trkpt lat="27.794617" lon="86.715437">
	<ele>3166.40</ele>
</trkpt>
<trkpt lat="27.794791" lon="86.715463">
	<ele>3176.34</ele>
</trkpt>
<trkpt lat="27.794902" lon="86.715434">
	<ele>3181.17</ele>
</trkpt>
<trkpt lat="27.795066" lon="86.715455">
	<ele>3190.54</ele>
</trkpt>
<trkpt lat="27.795121" lon="86.715379">
	<ele>3191.05</ele>
</trkpt>
<trkpt lat="27.795182" lon="86.715309">
	<ele>3192.21</ele>
</trkpt>
<trkpt lat="27.795231" lon="86.715211">
	<ele>3192.06</ele>
</trkpt>
<trkpt lat="27.795199" lon="86.715042">
	<ele>3185.85</ele>
</trkpt>
<trkpt lat="27.795241" lon="86.714972">
	<ele>3187.35</ele>
</trkpt>
<trkpt lat="27.795393" lon="86.714879">
	<ele>3196.05</ele>
</trkpt>
<trkpt lat="27.795468" lon="86.714812">
	<ele>3200.30</ele>
</trkpt>
<trkpt lat="27.795564" lon="86.714688">
	<ele>3205.54</ele>
</trkpt>
<trkpt lat="27.795572" lon="86.714623">
	<ele>3205.55</ele>
</trkpt>
<trkpt lat="27.795583" lon="86.714533">
	<ele>3205.62</ele>
</trkpt>
<trkpt lat="27.795631" lon="86.714433">
	<ele>3208.13</ele>
</trkpt>
<trkpt lat="27.795645" lon="86.714344">
	<ele>3208.52</ele>
</trkpt>
<trkpt lat="27.795688" lon="86.714256">
	<ele>3210.89</ele>
</trkpt>
<trkpt lat="27.795686" lon="86.714172">
	<ele>3210.36</ele>
</trkpt>
<trkpt lat="27.795667" lon="86.714107">
	<ele>3208.88</ele>
</trkpt>
<trkpt lat="27.795679" lon="86.713996">
	<ele>3209.59</ele>
</trkpt>
<trkpt lat="27.795638" lon="86.713922">
	<ele>3206.91</ele>
</trkpt>
<trkpt lat="27.795637" lon="86.713857">
	<ele>3206.95</ele>
</trkpt>
<trkpt lat="27.795675" lon="86.713830">
	<ele>3209.58</ele>
</trkpt>
<trkpt lat="27.795708" lon="86.713771">
	<ele>3211.95</ele>
</trkpt>
<trkpt lat="27.795894" lon="86.713598">
	<ele>3224.65</ele>
</trkpt>
<trkpt lat="27.795959" lon="86.713570">
	<ele>3228.94</ele>
</trkpt>
<trkpt lat="27.796022" lon="86.713499">
	<ele>3232.95</ele>
</trkpt>
<trkpt lat="27.796231" lon="86.713200">
	<ele>3243.70</ele>
</trkpt>
<trkpt lat="27.796337" lon="86.713036">
	<ele>3247.48</ele>
</trkpt>
<trkpt lat="27.796383" lon="86.712926">
	<ele>3247.97</ele>
</trkpt>
<trkpt lat="27.796530" lon="86.712801">
	<ele>3254.68</ele>
</trkpt>
<trkpt lat="27.796595" lon="86.712725">
	<ele>3256.99</ele>
</trkpt>
<trkpt lat="27.796779" lon="86.712484">
	<ele>3262.33</ele>
</trkpt>
<trkpt lat="27.796841" lon="86.712329">
	<ele>3262.35</ele>
</trkpt>
<trkpt lat="27.797034" lon="86.712276">
	<ele>3271.82</ele>
</trkpt>
<trkpt lat="27.797123" lon="86.712199">
	<ele>3275.11</ele>
</trkpt>
<trkpt lat="27.797189" lon="86.712107">
	<ele>3276.97</ele>
</trkpt>
<trkpt lat="27.797277" lon="86.712049">
	<ele>3280.68</ele>
</trkpt>
<trkpt lat="27.797378" lon="86.711854">
	<ele>3281.87</ele>
</trkpt>
<trkpt lat="27.797389" lon="86.711796">
	<ele>3280.87</ele>
</trkpt>
<trkpt lat="27.797406" lon="86.711676">
	<ele>3277.82</ele>
</trkpt>
<trkpt lat="27.797499" lon="86.711595">
	<ele>3278.97</ele>
</trkpt>
<trkpt lat="27.797568" lon="86.711599">
	<ele>3282.19</ele>
</trkpt>
<trkpt lat="27.797665" lon="86.711564">
	<ele>3284.47</ele>
</trkpt>
<trkpt lat="27.797741" lon="86.711590">
	<ele>3288.60</ele>
</trkpt>
<trkpt lat="27.797903" lon="86.711647">
	<ele>3297.10</ele>
</trkpt>
<trkpt lat="27.797969" lon="86.711708">
	<ele>3302.26</ele>
</trkpt>
<trkpt lat="27.798096" lon="86.711753">
	<ele>3309.02</ele>
</trkpt>
<trkpt lat="27.798279" lon="86.711738">
	<ele>3315.40</ele>
</trkpt>
<trkpt lat="27.798333" lon="86.711768">
	<ele>3319.19</ele>
</trkpt>
<trkpt lat="27.798411" lon="86.711757">
	<ele>3321.98</ele>
</trkpt>
<trkpt lat="27.798546" lon="86.711755">
	<ele>3327.81</ele>
</trkpt>
<trkpt lat="27.798599" lon="86.711678">
	<ele>3326.24</ele>
</trkpt>
<trkpt lat="27.798663" lon="86.711504">
	<ele>3320.34</ele>
</trkpt>
<trkpt lat="27.798665" lon="86.711420">
	<ele>3316.11</ele>
</trkpt>
<trkpt lat="27.798733" lon="86.711293">
	<ele>3313.01</ele>
</trkpt>
<trkpt lat="27.798849" lon="86.711266">
	<ele>3317.60</ele>
</trkpt>
<trkpt lat="27.798914" lon="86.711201">
	<ele>3317.75</ele>
</trkpt>
<trkpt lat="27.798989" lon="86.711199">
	<ele>3321.42</ele>
</trkpt>
<trkpt lat="27.799085" lon="86.711174">
	<ele>3324.84</ele>
</trkpt>
<trkpt lat="27.799099" lon="86.711143">
	<ele>3324.00</ele>
</trkpt>
<trkpt lat="27.799174" lon="86.711102">
	<ele>3325.36</ele>
</trkpt>
<trkpt lat="27.799236" lon="86.711132">
	<ele>3329.51</ele>
</trkpt>
<trkpt lat="27.799279" lon="86.711118">
	<ele>3330.70</ele>
</trkpt>
<trkpt lat="27.799311" lon="86.711150">
	<ele>3333.69</ele>
</trkpt>
<trkpt lat="27.799333" lon="86.711108">
	<ele>3332.57</ele>
</trkpt>
<trkpt lat="27.799370" lon="86.711078">
	<ele>3332.68</ele>
</trkpt>
<trkpt lat="27.799380" lon="86.711020">
	<ele>3330.22</ele>
</trkpt>
<trkpt lat="27.799378" lon="86.710939">
	<ele>3326.13</ele>
</trkpt>
<trkpt lat="27.799409" lon="86.710872">
	<ele>3324.14</ele>
</trkpt>
<trkpt lat="27.799421" lon="86.710799">
	<ele>3321.15</ele>
</trkpt>
<trkpt lat="27.799481" lon="86.710723">
	<ele>3320.26</ele>
</trkpt>
<trkpt lat="27.799576" lon="86.710732">
	<ele>3324.45</ele>
</trkpt>
<trkpt lat="27.799643" lon="86.710766">
	<ele>3328.34</ele>
</trkpt>
<trkpt lat="27.799797" lon="86.710826">
	<ele>3335.73</ele>
</trkpt>
<trkpt lat="27.799969" lon="86.710845">
	<ele>3340.16</ele>
</trkpt>
<trkpt lat="27.800153" lon="86.710842">
	<ele>3340.72</ele>
</trkpt>
<trkpt lat="27.800281" lon="86.710968">
	<ele>3346.91</ele>
</trkpt>
<trkpt lat="27.800485" lon="86.711028">
	<ele>3348.85</ele>
</trkpt>
<trkpt lat="27.800654" lon="86.711145">
	<ele>3358.07</ele>
</trkpt>
<trkpt lat="27.800744" lon="86.711203">
	<ele>3363.73</ele>
</trkpt>
<trkpt lat="27.800908" lon="86.711293">
	<ele>3373.26</ele>
</trkpt>
<trkpt lat="27.801055" lon="86.711332">
	<ele>3376.21</ele>
</trkpt>
<trkpt lat="27.801150" lon="86.711378">
	<ele>3379.40</ele>
</trkpt>
<trkpt lat="27.801214" lon="86.711358">
	<ele>3376.62</ele>
</trkpt>
<trkpt lat="27.801323" lon="86.711394">
	<ele>3378.19</ele>
</trkpt>
<trkpt lat="27.801376" lon="86.711423">
	<ele>3379.81</ele>
</trkpt>
<trkpt lat="27.801484" lon="86.711437">
	<ele>3379.76</ele>
</trkpt>
<trkpt lat="27.801620" lon="86.711447">
	<ele>3380.40</ele>
</trkpt>
<trkpt lat="27.801984" lon="86.711289">
	<ele>3380.77</ele>
</trkpt>
<trkpt lat="27.802045" lon="86.711285">
	<ele>3383.19</ele>
</trkpt>
<trkpt lat="27.802154" lon="86.711282">
	<ele>3388.06</ele>
</trkpt>
<trkpt lat="27.802196" lon="86.711255">
	<ele>3388.92</ele>
</trkpt>
<trkpt lat="27.802311" lon="86.711187">
	<ele>3391.98</ele>
</trkpt>
<trkpt lat="27.802437" lon="86.711057">
	<ele>3393.97</ele>
</trkpt>
<trkpt lat="27.802470" lon="86.711006">
	<ele>3394.08</ele>
</trkpt>
<trkpt lat="27.802493" lon="86.710921">
	<ele>3392.85</ele>
</trkpt>
<trkpt lat="27.802498" lon="86.710882">
	<ele>3392.08</ele>
</trkpt>
<trkpt lat="27.802521" lon="86.710735">
	<ele>3390.14</ele>
</trkpt>
<trkpt lat="27.802474" lon="86.710693">
	<ele>3387.11</ele>
</trkpt>
<trkpt lat="27.802458" lon="86.710624">
	<ele>3385.44</ele>
</trkpt>
<trkpt lat="27.802479" lon="86.710485">
	<ele>3385.43</ele>
</trkpt>
<trkpt lat="27.802521" lon="86.710377">
	<ele>3386.83</ele>
</trkpt>
<trkpt lat="27.802415" lon="86.710222">
	<ele>3380.09</ele>
</trkpt>
<trkpt lat="27.802394" lon="86.710071">
	<ele>3376.75</ele>
</trkpt>
<trkpt lat="27.802386" lon="86.710035">
	<ele>3375.54</ele>
</trkpt>
<trkpt lat="27.802479" lon="86.709969">
	<ele>3379.18</ele>
</trkpt>
<trkpt lat="27.802582" lon="86.709900">
	<ele>3381.87</ele>
</trkpt>
<trkpt lat="27.802646" lon="86.709870">
	<ele>3383.51</ele>
</trkpt>
<trkpt lat="27.802711" lon="86.709839">
	<ele>3384.90</ele>
</trkpt>
<trkpt lat="27.802804" lon="86.709773">
	<ele>3385.84</ele>
</trkpt>
<trkpt lat="27.802864" lon="86.709726">
	<ele>3386.20</ele>
</trkpt>
<trkpt lat="27.802884" lon="86.709682">
	<ele>3385.39</ele>
</trkpt>
<trkpt lat="27.802961" lon="86.709679">
	<ele>3387.71</ele>
</trkpt>
<trkpt lat="27.803132" lon="86.709711">
	<ele>3393.28</ele>
</trkpt>
<trkpt lat="27.803215" lon="86.709812">
	<ele>3397.56</ele>
</trkpt>
<trkpt lat="27.803281" lon="86.709815">
	<ele>3398.98</ele>
</trkpt>
<trkpt lat="27.803356" lon="86.709840">
	<ele>3400.96</ele>
</trkpt>
<trkpt lat="27.803406" lon="86.709751">
	<ele>3400.20</ele>
</trkpt>
<trkpt lat="27.803505" lon="86.709574">
	<ele>3399.63</ele>
</trkpt>
<trkpt lat="27.803580" lon="86.709524">
	<ele>3400.62</ele>
</trkpt>
<trkpt lat="27.803667" lon="86.709457">
	<ele>3402.01</ele>
</trkpt>
<trkpt lat="27.803697" lon="86.709310">
	<ele>3403.03</ele>
</trkpt>
<trkpt lat="27.803656" lon="86.709246">
	<ele>3402.35</ele>
</trkpt>
<trkpt lat="27.803580" lon="86.709131">
	<ele>3400.76</ele>
</trkpt>
<trkpt lat="27.803583" lon="86.709071">
	<ele>3401.24</ele>
</trkpt>
<trkpt lat="27.803676" lon="86.708898">
	<ele>3406.63</ele>
</trkpt>
<trkpt lat="27.803811" lon="86.708766">
	<ele>3414.89</ele>
</trkpt>
<trkpt lat="27.803873" lon="86.708724">
	<ele>3418.73</ele>
</trkpt>
<trkpt lat="27.803999" lon="86.708795">
	<ele>3422.09</ele>
</trkpt>
<trkpt lat="27.804127" lon="86.708876">
	<ele>3424.81</ele>
</trkpt>
<trkpt lat="27.804231" lon="86.708935">
	<ele>3427.14</ele>
</trkpt>
<trkpt lat="27.804250" lon="86.708954">
	<ele>3427.27</ele>
</trkpt>
<trkpt lat="27.804314" lon="86.709021">
	<ele>3427.60</ele>
</trkpt>
<trkpt lat="27.804441" lon="86.709178">
	<ele>3427.73</ele>
</trkpt>
<trkpt lat="27.804460" lon="86.709202">
	<ele>3427.77</ele>
</trkpt>
<trkpt lat="27.804652" lon="86.709404">
	<ele>3429.23</ele>
</trkpt>
<trkpt lat="27.804680" lon="86.709454">
	<ele>3428.90</ele>
</trkpt>
<trkpt lat="27.804730" lon="86.709489">
	<ele>3429.79</ele>
</trkpt>
<trkpt lat="27.804970" lon="86.709657">
	<ele>3434.29</ele>
</trkpt>
<trkpt lat="27.805024" lon="86.709706">
	<ele>3435.08</ele>
</trkpt>
<trkpt lat="27.805041" lon="86.709752">
	<ele>3434.62</ele>
</trkpt>
<trkpt lat="27.805141" lon="86.709853">
	<ele>3436.10</ele>
</trkpt>
<trkpt lat="27.805057" lon="86.709982">
	<ele>3431.06</ele>
</trkpt>
<trkpt lat="27.804968" lon="86.710117">
	<ele>3427.13</ele>
</trkpt>
<trkpt lat="27.804883" lon="86.710297">
	<ele>3424.93</ele>
</trkpt>
<trkpt lat="27.804813" lon="86.710499">
	<ele>3425.39</ele>
</trkpt>
<trkpt lat="27.805049" lon="86.710598">
	<ele>3431.05</ele>
</trkpt>
<trkpt lat="27.805041" lon="86.710639">
	<ele>3431.30</ele>
</trkpt>
<trkpt lat="27.805016" lon="86.710715">
	<ele>3431.68</ele>
</trkpt>
<trkpt lat="27.805012" lon="86.710759">
	<ele>3432.18</ele>
</trkpt>
<trkpt lat="27.805068" lon="86.710799">
	<ele>3433.82</ele>
</trkpt>
<trkpt lat="27.805130" lon="86.710838">
	<ele>3435.67</ele>
</trkpt>
<trkpt lat="27.805221" lon="86.710883">
	<ele>3438.44</ele>
</trkpt>
<trkpt lat="27.805310" lon="86.710912">
	<ele>3441.25</ele>
</trkpt>
<trkpt lat="27.805410" lon="86.710995">
	<ele>3445.45</ele>
</trkpt>
<trkpt lat="27.805476" lon="86.711035">
	<ele>3448.25</ele>
</trkpt>
<trkpt lat="27.805490" lon="86.711050">
	<ele>3448.97</ele>
</trkpt>
<trkpt lat="27.805508" lon="86.711071">
	<ele>3449.95</ele>
</trkpt>
<trkpt lat="27.805610" lon="86.711058">
	<ele>3453.50</ele>
</trkpt>
<trkpt lat="27.805686" lon="86.711078">
	<ele>3456.83</ele>
</trkpt>
<trkpt lat="27.805712" lon="86.711141">
	<ele>3458.97</ele>
</trkpt>
<trkpt lat="27.805763" lon="86.711244">
	<ele>3463.08</ele>
</trkpt>
<trkpt lat="27.805781" lon="86.711321">
	<ele>3465.50</ele>
</trkpt>
<trkpt lat="27.805808" lon="86.711379">
	<ele>3467.99</ele>
</trkpt>
<trkpt lat="27.805812" lon="86.711439">
	<ele>3469.65</ele>
</trkpt>
<trkpt lat="27.805727" lon="86.711617">
	<ele>3471.15</ele>
</trkpt>
<trkpt lat="27.805662" lon="86.711796">
	<ele>3474.62</ele>
</trkpt>
<trkpt lat="27.805597" lon="86.711987">
	<ele>3479.96</ele>
</trkpt>
<trkpt lat="27.805544" lon="86.712173">
	<ele>3486.36</ele>
</trkpt>
<trkpt lat="27.805499" lon="86.712221">
	<ele>3486.91</ele>
</trkpt>
<trkpt lat="27.805440" lon="86.712365">
	<ele>3491.32</ele>
</trkpt>
<trkpt lat="27.805357" lon="86.712517">
	<ele>3495.01</ele>
</trkpt>
<trkpt lat="27.805219" lon="86.712646">
	<ele>3496.60</ele>
</trkpt>
<trkpt lat="27.805082" lon="86.712725">
	<ele>3497.09</ele>
</trkpt>
<trkpt lat="27.805006" lon="86.712809">
	<ele>3499.67</ele>
</trkpt>
<trkpt lat="27.804966" lon="86.712875">
	<ele>3502.09</ele>
</trkpt>
<trkpt lat="27.804848" lon="86.712926">
	<ele>3503.17</ele>
</trkpt>
<trkpt lat="27.804658" lon="86.712975">
	<ele>3504.60</ele>
</trkpt>
<trkpt lat="27.804683" lon="86.713005">
	<ele>3505.69</ele>
</trkpt>
<trkpt lat="27.804697" lon="86.713067">
	<ele>3507.91</ele>
</trkpt>
<trkpt lat="27.804748" lon="86.713138">
	<ele>3510.52</ele>
</trkpt>
<trkpt lat="27.804757" lon="86.713150">
	<ele>3510.96</ele>
</trkpt>
<trkpt lat="27.804826" lon="86.713211">
	<ele>3513.40</ele>
</trkpt>
<trkpt lat="27.804878" lon="86.713246">
	<ele>3514.98</ele>
</trkpt>
<trkpt lat="27.804935" lon="86.713276">
	<ele>3516.56</ele>
</trkpt>
<trkpt lat="27.804985" lon="86.713291">
	<ele>3517.76</ele>
</trkpt>
<trkpt lat="27.805038" lon="86.713324">
	<ele>3519.54</ele>
</trkpt>
<trkpt lat="27.805088" lon="86.713347">
	<ele>3521.08</ele>
</trkpt>
<trkpt lat="27.805155" lon="86.713323">
	<ele>3522.18</ele>
</trkpt>
<trkpt lat="27.805236" lon="86.713371">
	<ele>3525.28</ele>
</trkpt>
<trkpt lat="27.805310" lon="86.713340">
	<ele>3526.89</ele>
</trkpt>
<trkpt lat="27.805361" lon="86.713316">
	<ele>3528.01</ele>
</trkpt>
<trkpt lat="27.805414" lon="86.713550">
	<ele>3532.76</ele>
</trkpt>
<trkpt lat="27.805477" lon="86.713780">
	<ele>3534.88</ele>
</trkpt>
<trkpt lat="27.805594" lon="86.714006">
	<ele>3537.87</ele>
</trkpt>
<trkpt lat="27.805722" lon="86.714292">
	<ele>3540.53</ele>
</trkpt>
<trkpt lat="27.805882" lon="86.714586">
	<ele>3541.66</ele>
</trkpt>
<trkpt lat="27.806071" lon="86.714864">
	<ele>3544.61</ele>
</trkpt>
<trkpt lat="27.806086" lon="86.714896">
	<ele>3544.79</ele>
</trkpt>
<trkpt lat="27.806172" lon="86.715081">
	<ele>3546.93</ele>
</trkpt>
<trkpt lat="27.806218" lon="86.715222">
	<ele>3548.22</ele>
</trkpt>
<trkpt lat="27.806249" lon="86.715289">
	<ele>3549.51</ele>
</trkpt>
<trkpt lat="27.806250" lon="86.715337">
	<ele>3549.31</ele>
</trkpt>
<trkpt lat="27.806236" lon="86.715446">
	<ele>3548.15</ele>
</trkpt>
<trkpt lat="27.806230" lon="86.715537">
	<ele>3547.71</ele>
</trkpt>
<trkpt lat="27.806186" lon="86.715729">
	<ele>3545.78</ele>
</trkpt>
<trkpt lat="27.806200" lon="86.715877">
	<ele>3547.46</ele>
</trkpt>
<trkpt lat="27.806208" lon="86.715968">
	<ele>3548.76</ele>
</trkpt>
<trkpt lat="27.806189" lon="86.716031">
	<ele>3548.49</ele>
</trkpt>
<trkpt lat="27.806148" lon="86.716212">
	<ele>3549.00</ele>
</trkpt>
<trkpt lat="27.806070" lon="86.716394">
	<ele>3548.35</ele>
</trkpt>
<trkpt lat="27.806018" lon="86.716442">
	<ele>3546.74</ele>
</trkpt>
<trkpt lat="27.805838" lon="86.716744">
	<ele>3545.10</ele>
</trkpt>
<trkpt lat="27.805659" lon="86.717045">
	<ele>3546.78</ele>
</trkpt>
<trkpt lat="27.805476" lon="86.717339">
	<ele>3547.44</ele>
</trkpt>
<trkpt lat="27.805375" lon="86.717501">
	<ele>3545.27</ele>
</trkpt>
<trkpt lat="27.805326" lon="86.717558">
	<ele>3543.20</ele>
</trkpt>
<trkpt lat="27.805347" lon="86.717623">
	<ele>3544.20</ele>
</trkpt>
<trkpt lat="27.805488" lon="86.717742">
	<ele>3551.02</ele>
</trkpt>
<trkpt lat="27.805551" lon="86.717825">
	<ele>3554.07</ele>
</trkpt>
<trkpt lat="27.805546" lon="86.717908">
	<ele>3553.28</ele>
</trkpt>
<trkpt lat="27.805528" lon="86.717971">
	<ele>3551.71</ele>
</trkpt>
<trkpt lat="27.805524" lon="86.718022">
	<ele>3550.98</ele>
</trkpt>
<trkpt lat="27.805545" lon="86.718051">
	<ele>3551.99</ele>
</trkpt>
<trkpt lat="27.805602" lon="86.718130">
	<ele>3554.85</ele>
</trkpt>
<trkpt lat="27.805605" lon="86.718219">
	<ele>3554.24</ele>
</trkpt>
<trkpt lat="27.805611" lon="86.718312">
	<ele>3553.82</ele>
</trkpt>
<trkpt lat="27.805627" lon="86.718397">
	<ele>3554.22</ele>
</trkpt>
<trkpt lat="27.805594" lon="86.718489">
	<ele>3551.39</ele>
</trkpt>
<trkpt lat="27.805576" lon="86.718562">
	<ele>3549.72</ele>
</trkpt>
<trkpt lat="27.805521" lon="86.718755">
	<ele>3544.53</ele>
</trkpt>
<trkpt lat="27.805491" lon="86.718850">
	<ele>3541.48</ele>
</trkpt>
<trkpt lat="27.805458" lon="86.718934">
	<ele>3538.12</ele>
</trkpt>
<trkpt lat="27.805458" lon="86.718978">
	<ele>3537.43</ele>
</trkpt>
<trkpt lat="27.805486" lon="86.719066">
	<ele>3537.58</ele>
</trkpt>
<trkpt lat="27.805462" lon="86.719155">
	<ele>3533.87</ele>
</trkpt>
<trkpt lat="27.805428" lon="86.719271">
	<ele>3528.31</ele>
</trkpt>
<trkpt lat="27.805453" lon="86.719374">
	<ele>3526.03</ele>
</trkpt>
<trkpt lat="27.805473" lon="86.719420">
	<ele>3525.18</ele>
</trkpt>
<trkpt lat="27.805513" lon="86.719405">
	<ele>3527.76</ele>
</trkpt>
<trkpt lat="27.805631" lon="86.719331">
	<ele>3536.77</ele>
</trkpt>
<trkpt lat="27.805832" lon="86.719247">
	<ele>3549.40</ele>
</trkpt>
<trkpt lat="27.805971" lon="86.719237">
	<ele>3554.38</ele>
</trkpt>
<trkpt lat="27.806046" lon="86.719293">
	<ele>3553.20</ele>
</trkpt>
<trkpt lat="27.806067" lon="86.719370">
	<ele>3549.01</ele>
</trkpt>
<trkpt lat="27.806104" lon="86.719481">
	<ele>3542.35</ele>
</trkpt>
<trkpt lat="27.806124" lon="86.719560">
	<ele>3537.13</ele>
</trkpt>
<trkpt lat="27.806158" lon="86.719593">
	<ele>3535.29</ele>
</trkpt>
<trkpt lat="27.806195" lon="86.719613">
	<ele>3534.40</ele>
</trkpt>
<trkpt lat="27.806256" lon="86.719594">
	<ele>3536.62</ele>
</trkpt>
<trkpt lat="27.806344" lon="86.719568">
	<ele>3539.60</ele>
</trkpt>
<trkpt lat="27.806489" lon="86.719445">
	<ele>3549.63</ele>
</trkpt>
<trkpt lat="27.806549" lon="86.719398">
	<ele>3553.33</ele>
</trkpt>
<trkpt lat="27.806625" lon="86.719371">
	<ele>3555.88</ele>
</trkpt>
<trkpt lat="27.806702" lon="86.719396">
	<ele>3555.12</ele>
</trkpt>
<trkpt lat="27.806822" lon="86.719453">
	<ele>3552.06</ele>
</trkpt>
<trkpt lat="27.806919" lon="86.719377">
	<ele>3556.68</ele>
</trkpt>
<trkpt lat="27.807000" lon="86.719334">
	<ele>3558.99</ele>
</trkpt>
<trkpt lat="27.807122" lon="86.719357">
	<ele>3557.30</ele>
</trkpt>
<trkpt lat="27.807426" lon="86.719440">
	<ele>3556.60</ele>
</trkpt>
<trkpt lat="27.807693" lon="86.719556">
	<ele>3564.95</ele>
</trkpt>
<trkpt lat="27.807753" lon="86.719686">
	<ele>3564.29</ele>
</trkpt>
<trkpt lat="27.807805" lon="86.719855">
	<ele>3562.45</ele>
</trkpt>
<trkpt lat="27.807819" lon="86.720001">
	<ele>3558.84</ele>
</trkpt>
<trkpt lat="27.807827" lon="86.720118">
	<ele>3556.11</ele>
</trkpt>
<trkpt lat="27.807792" lon="86.720189">
	<ele>3551.81</ele>
</trkpt>
<trkpt lat="27.807751" lon="86.720274">
	<ele>3547.15</ele>
</trkpt>
<trkpt lat="27.807747" lon="86.720342">
	<ele>3545.64</ele>
</trkpt>
<trkpt lat="27.807797" lon="86.720383">
	<ele>3548.24</ele>
</trkpt>
<trkpt lat="27.807825" lon="86.720448">
	<ele>3548.86</ele>
</trkpt>
<trkpt lat="27.807819" lon="86.720495">
	<ele>3547.58</ele>
</trkpt>
<trkpt lat="27.807820" lon="86.720579">
	<ele>3546.02</ele>
</trkpt>
<trkpt lat="27.807851" lon="86.720671">
	<ele>3545.88</ele>
</trkpt>
<trkpt lat="27.807882" lon="86.720780">
	<ele>3544.85</ele>
</trkpt>
<trkpt lat="27.807878" lon="86.720855">
	<ele>3542.52</ele>
</trkpt>
<trkpt lat="27.807878" lon="86.720907">
	<ele>3541.00</ele>
</trkpt>
<trkpt lat="27.807901" lon="86.720973">
	<ele>3540.06</ele>
</trkpt>
<trkpt lat="27.807943" lon="86.721011">
	<ele>3540.63</ele>
</trkpt>
<trkpt lat="27.808016" lon="86.721060">
	<ele>3541.79</ele>
</trkpt>
<trkpt lat="27.808107" lon="86.721014">
	<ele>3547.06</ele>
</trkpt>
<trkpt lat="27.808193" lon="86.720980">
	<ele>3551.85</ele>
</trkpt>
<trkpt lat="27.808252" lon="86.720943">
	<ele>3555.83</ele>
</trkpt>
<trkpt lat="27.808308" lon="86.720984">
	<ele>3556.20</ele>
</trkpt>
<trkpt lat="27.808357" lon="86.721041">
	<ele>3555.41</ele>
</trkpt>
<trkpt lat="27.808399" lon="86.721038">
	<ele>3557.10</ele>
</trkpt>
<trkpt lat="27.808515" lon="86.720997">
	<ele>3563.11</ele>
</trkpt>
<trkpt lat="27.808637" lon="86.720974">
	<ele>3568.17</ele>
</trkpt>
<trkpt lat="27.808759" lon="86.720992">
	<ele>3571.08</ele>
</trkpt>
<trkpt lat="27.808903" lon="86.721071">
	<ele>3571.92</ele>
</trkpt>
<trkpt lat="27.809038" lon="86.721066">
	<ele>3576.93</ele>
</trkpt>
<trkpt lat="27.809079" lon="86.721127">
	<ele>3575.78</ele>
</trkpt>
<trkpt lat="27.809186" lon="86.721209">
	<ele>3576.81</ele>
</trkpt>
<trkpt lat="27.809268" lon="86.721336">
	<ele>3575.85</ele>
</trkpt>
<trkpt lat="27.809313" lon="86.721418">
	<ele>3575.31</ele>
</trkpt>
<trkpt lat="27.809337" lon="86.721512">
	<ele>3573.56</ele>
</trkpt>
<trkpt lat="27.809354" lon="86.721642">
	<ele>3570.67</ele>
</trkpt>
<trkpt lat="27.809361" lon="86.721744">
	<ele>3568.55</ele>
</trkpt>
<trkpt lat="27.809356" lon="86.721844">
	<ele>3566.61</ele>
</trkpt>
<trkpt lat="27.809339" lon="86.721957">
	<ele>3564.65</ele>
</trkpt>
<trkpt lat="27.809333" lon="86.722103">
	<ele>3563.34</ele>
</trkpt>
<trkpt lat="27.809357" lon="86.722206">
	<ele>3563.03</ele>
</trkpt>
<trkpt lat="27.809368" lon="86.722284">
	<ele>3562.24</ele>
</trkpt>
<trkpt lat="27.809370" lon="86.722348">
	<ele>3561.19</ele>
</trkpt>
<trkpt lat="27.809344" lon="86.722396">
	<ele>3559.94</ele>
</trkpt>
<trkpt lat="27.809309" lon="86.722437">
	<ele>3558.61</ele>
</trkpt>
<trkpt lat="27.809302" lon="86.722485">
	<ele>3557.31</ele>
</trkpt>
<trkpt lat="27.809345" lon="86.722557">
	<ele>3555.52</ele>
</trkpt>
<trkpt lat="27.809400" lon="86.722566">
	<ele>3555.37</ele>
</trkpt>
<trkpt lat="27.809469" lon="86.722497">
	<ele>3557.63</ele>
</trkpt>
<trkpt lat="27.809566" lon="86.722421">
	<ele>3559.78</ele>
</trkpt>
<trkpt lat="27.809638" lon="86.722368">
	<ele>3561.33</ele>
</trkpt>
<trkpt lat="27.809734" lon="86.722286">
	<ele>3564.39</ele>
</trkpt>
<trkpt lat="27.809864" lon="86.722188">
	<ele>3569.58</ele>
</trkpt>
<trkpt lat="27.809938" lon="86.722130">
	<ele>3573.49</ele>
</trkpt>
<trkpt lat="27.810046" lon="86.722108">
	<ele>3576.19</ele>
</trkpt>
<trkpt lat="27.810206" lon="86.722143">
	<ele>3574.99</ele>
</trkpt>
<trkpt lat="27.810387" lon="86.722184">
	<ele>3572.32</ele>
</trkpt>
<trkpt lat="27.810584" lon="86.722162">
	<ele>3574.34</ele>
</trkpt>
<trkpt lat="27.810808" lon="86.722186">
	<ele>3575.41</ele>
</trkpt>
<trkpt lat="27.810985" lon="86.722262">
	<ele>3574.73</ele>
</trkpt>
<trkpt lat="27.811072" lon="86.722370">
	<ele>3570.31</ele>
</trkpt>
<trkpt lat="27.811151" lon="86.722478">
	<ele>3566.46</ele>
</trkpt>
<trkpt lat="27.811209" lon="86.722590">
	<ele>3562.13</ele>
</trkpt>
<trkpt lat="27.811268" lon="86.722693">
	<ele>3558.80</ele>
</trkpt>
<trkpt lat="27.811337" lon="86.722788">
	<ele>3556.79</ele>
</trkpt>
<trkpt lat="27.811410" lon="86.722856">
	<ele>3556.87</ele>
</trkpt>
<trkpt lat="27.811507" lon="86.722968">
	<ele>3555.99</ele>
</trkpt>
<trkpt lat="27.811578" lon="86.723145">
	<ele>3550.12</ele>
</trkpt>
<trkpt lat="27.811666" lon="86.723226">
	<ele>3550.77</ele>
</trkpt>
<trkpt lat="27.811732" lon="86.723392">
	<ele>3545.71</ele>
</trkpt>
<trkpt lat="27.811788" lon="86.723521">
	<ele>3542.14</ele>
</trkpt>
<trkpt lat="27.811821" lon="86.723591">
	<ele>3540.44</ele>
</trkpt>
<trkpt lat="27.811871" lon="86.723566">
	<ele>3545.03</ele>
</trkpt>
<trkpt lat="27.811991" lon="86.723510">
	<ele>3555.96</ele>
</trkpt>
<trkpt lat="27.812116" lon="86.723540">
	<ele>3563.07</ele>
</trkpt>
<trkpt lat="27.812226" lon="86.723595">
	<ele>3568.34</ele>
</trkpt>
<trkpt lat="27.812305" lon="86.723695">
	<ele>3569.68</ele>
</trkpt>
<trkpt lat="27.812376" lon="86.723797">
	<ele>3570.88</ele>
</trkpt>
<trkpt lat="27.812414" lon="86.723894">
	<ele>3570.16</ele>
</trkpt>
<trkpt lat="27.812412" lon="86.724040">
	<ele>3565.07</ele>
</trkpt>
<trkpt lat="27.812412" lon="86.724159">
	<ele>3561.77</ele>
</trkpt>
<trkpt lat="27.812434" lon="86.724259">
	<ele>3561.48</ele>
</trkpt>
<trkpt lat="27.812456" lon="86.724376">
	<ele>3561.59</ele>
</trkpt>
<trkpt lat="27.812469" lon="86.724478">
	<ele>3561.73</ele>
</trkpt>
<trkpt lat="27.812468" lon="86.724478">
	<ele>3561.63</ele>
</trkpt>
<trkpt lat="27.812484" lon="86.724608">
	<ele>3562.36</ele>
</trkpt>
<trkpt lat="27.812529" lon="86.724757">
	<ele>3566.47</ele>
</trkpt>
<trkpt lat="27.812583" lon="86.724905">
	<ele>3572.03</ele>
</trkpt>
<trkpt lat="27.812606" lon="86.725165">
	<ele>3574.15</ele>
</trkpt>
<trkpt lat="27.812598" lon="86.725304">
	<ele>3573.56</ele>
</trkpt>
<trkpt lat="27.812588" lon="86.725400">
	<ele>3572.75</ele>
</trkpt>
<trkpt lat="27.812565" lon="86.725467">
	<ele>3570.60</ele>
</trkpt>
<trkpt lat="27.812543" lon="86.725563">
	<ele>3568.58</ele>
</trkpt>
<trkpt lat="27.812496" lon="86.725646">
	<ele>3564.22</ele>
</trkpt>
<trkpt lat="27.812399" lon="86.725818">
	<ele>3554.93</ele>
</trkpt>
<trkpt lat="27.812354" lon="86.725862">
	<ele>3550.79</ele>
</trkpt>
<trkpt lat="27.812310" lon="86.725950">
	<ele>3546.13</ele>
</trkpt>
<trkpt lat="27.812348" lon="86.725964">
	<ele>3548.79</ele>
</trkpt>
<trkpt lat="27.812407" lon="86.725982">
	<ele>3552.94</ele>
</trkpt>
<trkpt lat="27.812487" lon="86.725936">
	<ele>3560.10</ele>
</trkpt>
<trkpt lat="27.812552" lon="86.725917">
	<ele>3565.71</ele>
</trkpt>
<trkpt lat="27.812593" lon="86.725916">
	<ele>3569.08</ele>
</trkpt>
<trkpt lat="27.812661" lon="86.725940">
	<ele>3574.09</ele>
</trkpt>
<trkpt lat="27.812703" lon="86.725975">
	<ele>3576.58</ele>
</trkpt>
<trkpt lat="27.812864" lon="86.726005">
	<ele>3588.96</ele>
</trkpt>
<trkpt lat="27.812919" lon="86.726073">
	<ele>3590.92</ele>
</trkpt>
<trkpt lat="27.812982" lon="86.726137">
	<ele>3593.35</ele>
</trkpt>
<trkpt lat="27.813013" lon="86.726187">
	<ele>3593.59</ele>
</trkpt>
<trkpt lat="27.813037" lon="86.726259">
	<ele>3592.15</ele>
</trkpt>
<trkpt lat="27.813033" lon="86.726324">
	<ele>3588.80</ele>
</trkpt>
<trkpt lat="27.813038" lon="86.726375">
	<ele>3586.80</ele>
</trkpt>
<trkpt lat="27.813049" lon="86.726422">
	<ele>3585.46</ele>
</trkpt>
<trkpt lat="27.813077" lon="86.726450">
	<ele>3586.26</ele>
</trkpt>
<trkpt lat="27.813140" lon="86.726482">
	<ele>3589.43</ele>
</trkpt>
<trkpt lat="27.813210" lon="86.726580">
	<ele>3590.13</ele>
</trkpt>
<trkpt lat="27.813234" lon="86.726684">
	<ele>3587.69</ele>
</trkpt>
<trkpt lat="27.813316" lon="86.726869">
	<ele>3586.97</ele>
</trkpt>
<trkpt lat="27.813361" lon="86.726996">
	<ele>3586.09</ele>
</trkpt>
<trkpt lat="27.813386" lon="86.727116">
	<ele>3584.29</ele>
</trkpt>
<trkpt lat="27.813380" lon="86.727277">
	<ele>3579.53</ele>
</trkpt>
<trkpt lat="27.813358" lon="86.727428">
	<ele>3573.77</ele>
</trkpt>
<trkpt lat="27.813355" lon="86.727535">
	<ele>3569.97</ele>
</trkpt>
<trkpt lat="27.813346" lon="86.727602">
	<ele>3567.18</ele>
</trkpt>
<trkpt lat="27.813323" lon="86.727646">
	<ele>3564.42</ele>
</trkpt>
<trkpt lat="27.813325" lon="86.727688">
	<ele>3563.10</ele>
</trkpt>
<trkpt lat="27.813331" lon="86.727717">
	<ele>3562.43</ele>
</trkpt>
<trkpt lat="27.813350" lon="86.727744">
	<ele>3562.50</ele>
</trkpt>
<trkpt lat="27.813376" lon="86.727779">
	<ele>3562.59</ele>
</trkpt>
<trkpt lat="27.813407" lon="86.727775">
	<ele>3564.23</ele>
</trkpt>
<trkpt lat="27.813428" lon="86.727756">
	<ele>3565.90</ele>
</trkpt>
<trkpt lat="27.813456" lon="86.727741">
	<ele>3567.71</ele>
</trkpt>
<trkpt lat="27.813526" lon="86.727667">
	<ele>3573.41</ele>
</trkpt>
<trkpt lat="27.813585" lon="86.727627">
	<ele>3577.28</ele>
</trkpt>
<trkpt lat="27.813633" lon="86.727630">
	<ele>3579.00</ele>
</trkpt>
<trkpt lat="27.813728" lon="86.727641">
	<ele>3581.91</ele>
</trkpt>
<trkpt lat="27.813825" lon="86.727655">
	<ele>3584.43</ele>
</trkpt>
<trkpt lat="27.813951" lon="86.727714">
	<ele>3585.56</ele>
</trkpt>
<trkpt lat="27.814089" lon="86.727718">
	<ele>3589.18</ele>
</trkpt>
<trkpt lat="27.814259" lon="86.727729">
	<ele>3593.01</ele>
</trkpt>
<trkpt lat="27.814460" lon="86.727663">
	<ele>3598.99</ele>
</trkpt>
<trkpt lat="27.814733" lon="86.727560">
	<ele>3608.66</ele>
</trkpt>
<trkpt lat="27.814956" lon="86.727736">
	<ele>3606.68</ele>
</trkpt>
<trkpt lat="27.815000" lon="86.727900">
	<ele>3600.63</ele>
</trkpt>
<trkpt lat="27.815022" lon="86.727958">
	<ele>3599.14</ele>
</trkpt>
<trkpt lat="27.815074" lon="86.727965">
	<ele>3602.29</ele>
</trkpt>
<trkpt lat="27.815142" lon="86.727988">
	<ele>3606.33</ele>
</trkpt>
<trkpt lat="27.815185" lon="86.728039">
	<ele>3607.47</ele>
</trkpt>
<trkpt lat="27.815213" lon="86.728119">
	<ele>3606.19</ele>
</trkpt>
<trkpt lat="27.815241" lon="86.728195">
	<ele>3605.26</ele>
</trkpt>
<trkpt lat="27.815240" lon="86.728317">
	<ele>3599.85</ele>
</trkpt>
<trkpt lat="27.815239" lon="86.728392">
	<ele>3596.63</ele>
</trkpt>
<trkpt lat="27.815249" lon="86.728471">
	<ele>3594.41</ele>
</trkpt>
<trkpt lat="27.815290" lon="86.728546">
	<ele>3595.27</ele>
</trkpt>
<trkpt lat="27.815343" lon="86.728625">
	<ele>3597.22</ele>
</trkpt>
<trkpt lat="27.815381" lon="86.728697">
	<ele>3598.10</ele>
</trkpt>
<trkpt lat="27.815396" lon="86.728798">
	<ele>3595.86</ele>
</trkpt>
<trkpt lat="27.815436" lon="86.728901">
	<ele>3595.81</ele>
</trkpt>
<trkpt lat="27.815456" lon="86.728993">
	<ele>3594.38</ele>
</trkpt>
<trkpt lat="27.815504" lon="86.729074">
	<ele>3595.75</ele>
</trkpt>
<trkpt lat="27.815519" lon="86.729111">
	<ele>3595.78</ele>
</trkpt>
<trkpt lat="27.815522" lon="86.729161">
	<ele>3594.40</ele>
</trkpt>
<trkpt lat="27.815529" lon="86.729231">
	<ele>3592.82</ele>
</trkpt>
<trkpt lat="27.815533" lon="86.729288">
	<ele>3591.53</ele>
</trkpt>
<trkpt lat="27.815514" lon="86.729341">
	<ele>3588.50</ele>
</trkpt>
<trkpt lat="27.815479" lon="86.729411">
	<ele>3583.73</ele>
</trkpt>
<trkpt lat="27.815461" lon="86.729468">
	<ele>3580.76</ele>
</trkpt>
<trkpt lat="27.815441" lon="86.729541">
	<ele>3577.23</ele>
</trkpt>
<trkpt lat="27.815460" lon="86.729561">
	<ele>3578.43</ele>
</trkpt>
<trkpt lat="27.815553" lon="86.729560">
	<ele>3586.64</ele>
</trkpt>
<trkpt lat="27.815611" lon="86.729578">
	<ele>3591.29</ele>
</trkpt>
<trkpt lat="27.815715" lon="86.729591">
	<ele>3599.84</ele>
</trkpt>
<trkpt lat="27.815776" lon="86.729675">
	<ele>3603.20</ele>
</trkpt>
<trkpt lat="27.815803" lon="86.729748">
	<ele>3603.90</ele>
</trkpt>
<trkpt lat="27.815798" lon="86.729880">
	<ele>3600.57</ele>
</trkpt>
<trkpt lat="27.815800" lon="86.729953">
	<ele>3598.84</ele>
</trkpt>
<trkpt lat="27.815837" lon="86.730060">
	<ele>3598.44</ele>
</trkpt>
<trkpt lat="27.815842" lon="86.730141">
	<ele>3596.32</ele>
</trkpt>
<trkpt lat="27.815826" lon="86.730228">
	<ele>3592.51</ele>
</trkpt>
<trkpt lat="27.815796" lon="86.730318">
	<ele>3587.60</ele>
</trkpt>
<trkpt lat="27.815773" lon="86.730347">
	<ele>3585.06</ele>
</trkpt>
<trkpt lat="27.815783" lon="86.730393">
	<ele>3584.28</ele>
</trkpt>
<trkpt lat="27.815836" lon="86.730428">
	<ele>3586.58</ele>
</trkpt>
<trkpt lat="27.815911" lon="86.730483">
	<ele>3588.73</ele>
</trkpt>
<trkpt lat="27.815955" lon="86.730528">
	<ele>3588.89</ele>
</trkpt>
<trkpt lat="27.815984" lon="86.730587">
	<ele>3587.39</ele>
</trkpt>
<trkpt lat="27.816009" lon="86.730659">
	<ele>3584.73</ele>
</trkpt>
<trkpt lat="27.816026" lon="86.730748">
	<ele>3580.57</ele>
</trkpt>
<trkpt lat="27.816058" lon="86.730854">
	<ele>3575.31</ele>
</trkpt>
<trkpt lat="27.816111" lon="86.731015">
	<ele>3566.00</ele>
</trkpt>
<trkpt lat="27.816197" lon="86.731008">
	<ele>3567.27</ele>
</trkpt>
<trkpt lat="27.816319" lon="86.730717">
	<ele>3586.68</ele>
</trkpt>
<trkpt lat="27.816374" lon="86.730683">
	<ele>3589.55</ele>
</trkpt>
<trkpt lat="27.816402" lon="86.730649">
	<ele>3592.25</ele>
</trkpt>
<trkpt lat="27.816483" lon="86.730676">
	<ele>3591.66</ele>
</trkpt>
<trkpt lat="27.816572" lon="86.730558">
	<ele>3602.51</ele>
</trkpt>
<trkpt lat="27.816687" lon="86.730456">
	<ele>3614.57</ele>
</trkpt>
<trkpt lat="27.816813" lon="86.730502">
	<ele>3616.13</ele>
</trkpt>
<trkpt lat="27.816980" lon="86.730611">
	<ele>3615.49</ele>
</trkpt>
<trkpt lat="27.817048" lon="86.730718">
	<ele>3611.21</ele>
</trkpt>
<trkpt lat="27.817159" lon="86.730834">
	<ele>3609.20</ele>
</trkpt>
<trkpt lat="27.817227" lon="86.730951">
	<ele>3604.62</ele>
</trkpt>
<trkpt lat="27.817322" lon="86.731066">
	<ele>3600.96</ele>
</trkpt>
<trkpt lat="27.817403" lon="86.731218">
	<ele>3592.65</ele>
</trkpt>
<trkpt lat="27.817433" lon="86.731329">
	<ele>3584.83</ele>
</trkpt>
<trkpt lat="27.817523" lon="86.731354">
	<ele>3586.09</ele>
</trkpt>
<trkpt lat="27.817750" lon="86.731322">
	<ele>3596.33</ele>
</trkpt>
<trkpt lat="27.817860" lon="86.731458">
	<ele>3587.54</ele>
</trkpt>
<trkpt lat="27.817937" lon="86.731567">
	<ele>3580.18</ele>
</trkpt>
<trkpt lat="27.818039" lon="86.731673">
	<ele>3573.96</ele>
</trkpt>
<trkpt lat="27.818301" lon="86.731651">
	<ele>3582.39</ele>
</trkpt>
<trkpt lat="27.818484" lon="86.731657">
	<ele>3587.76</ele>
</trkpt>
<trkpt lat="27.818640" lon="86.731640">
	<ele>3595.11</ele>
</trkpt>
<trkpt lat="27.818801" lon="86.731556">
	<ele>3608.22</ele>
</trkpt>
<trkpt lat="27.818933" lon="86.731596">
	<ele>3609.35</ele>
</trkpt>
<trkpt lat="27.819017" lon="86.731554">
	<ele>3615.05</ele>
</trkpt>
<trkpt lat="27.819201" lon="86.731464">
	<ele>3624.94</ele>
</trkpt>
<trkpt lat="27.819399" lon="86.731430">
	<ele>3627.25</ele>
</trkpt>
<trkpt lat="27.819522" lon="86.731325">
	<ele>3633.07</ele>
</trkpt>
<trkpt lat="27.819634" lon="86.731295">
	<ele>3633.43</ele>
</trkpt>
<trkpt lat="27.819722" lon="86.731349">
	<ele>3628.63</ele>
</trkpt>
<trkpt lat="27.819834" lon="86.731322">
	<ele>3628.82</ele>
</trkpt>
<trkpt lat="27.820040" lon="86.731269">
	<ele>3630.14</ele>
</trkpt>
<trkpt lat="27.820105" lon="86.731262">
	<ele>3630.19</ele>
</trkpt>
<trkpt lat="27.820149" lon="86.731302">
	<ele>3627.83</ele>
</trkpt>
<trkpt lat="27.820205" lon="86.731405">
	<ele>3622.12</ele>
</trkpt>
<trkpt lat="27.820263" lon="86.731504">
	<ele>3616.66</ele>
</trkpt>
<trkpt lat="27.820308" lon="86.731563">
	<ele>3613.47</ele>
</trkpt>
<trkpt lat="27.820428" lon="86.731589">
	<ele>3613.18</ele>
</trkpt>
<trkpt lat="27.820502" lon="86.731591">
	<ele>3613.90</ele>
</trkpt>
<trkpt lat="27.820611" lon="86.731618">
	<ele>3613.47</ele>
</trkpt>
<trkpt lat="27.820699" lon="86.731675">
	<ele>3610.85</ele>
</trkpt>
<trkpt lat="27.820845" lon="86.731757">
	<ele>3606.40</ele>
</trkpt>
<trkpt lat="27.820959" lon="86.731852">
	<ele>3600.38</ele>
</trkpt>
<trkpt lat="27.821054" lon="86.731870">
	<ele>3599.68</ele>
</trkpt>
<trkpt lat="27.821163" lon="86.731826">
	<ele>3602.67</ele>
</trkpt>
<trkpt lat="27.821272" lon="86.731776">
	<ele>3605.04</ele>
</trkpt>
<trkpt lat="27.821408" lon="86.731758">
	<ele>3605.09</ele>
</trkpt>
<trkpt lat="27.821519" lon="86.731720">
	<ele>3605.62</ele>
</trkpt>
<trkpt lat="27.821656" lon="86.731688">
	<ele>3605.39</ele>
</trkpt>
<trkpt lat="27.821767" lon="86.731631">
	<ele>3606.08</ele>
</trkpt>
<trkpt lat="27.821854" lon="86.731539">
	<ele>3607.78</ele>
</trkpt>
<trkpt lat="27.821950" lon="86.731446">
	<ele>3609.14</ele>
</trkpt>
<trkpt lat="27.822004" lon="86.731401">
	<ele>3609.67</ele>
</trkpt>
<trkpt lat="27.822099" lon="86.731336">
	<ele>3610.26</ele>
</trkpt>
<trkpt lat="27.822233" lon="86.731301">
	<ele>3609.66</ele>
</trkpt>
<trkpt lat="27.822372" lon="86.731256">
	<ele>3609.14</ele>
</trkpt>
<trkpt lat="27.822566" lon="86.731153">
	<ele>3609.04</ele>
</trkpt>
<trkpt lat="27.822758" lon="86.731126">
	<ele>3606.61</ele>
</trkpt>
<trkpt lat="27.822852" lon="86.731093">
	<ele>3605.82</ele>
</trkpt>
<trkpt lat="27.822940" lon="86.731078">
	<ele>3604.57</ele>
</trkpt>
<trkpt lat="27.822948" lon="86.731077">
	<ele>3604.44</ele>
</trkpt>
<trkpt lat="27.823140" lon="86.731061">
	<ele>3600.88</ele>
</trkpt>
<trkpt lat="27.823383" lon="86.730979">
	<ele>3597.01</ele>
</trkpt>
<trkpt lat="27.823452" lon="86.730875">
	<ele>3597.44</ele>
</trkpt>
<trkpt lat="27.823481" lon="86.730739">
	<ele>3599.64</ele>
</trkpt>
<trkpt lat="27.823574" lon="86.730379">
	<ele>3603.82</ele>
</trkpt>
<trkpt lat="27.823747" lon="86.730192">
	<ele>3600.37</ele>
</trkpt>
<trkpt lat="27.823921" lon="86.730005">
	<ele>3597.61</ele>
</trkpt>
<trkpt lat="27.823997" lon="86.729860">
	<ele>3599.19</ele>
</trkpt>
<trkpt lat="27.824146" lon="86.729577">
	<ele>3605.37</ele>
</trkpt>
<trkpt lat="27.824241" lon="86.729412">
	<ele>3609.32</ele>
</trkpt>
<trkpt lat="27.824372" lon="86.729271">
	<ele>3610.49</ele>
</trkpt>
<trkpt lat="27.824473" lon="86.729184">
	<ele>3610.13</ele>
</trkpt>
<trkpt lat="27.824599" lon="86.729091">
	<ele>3609.21</ele>
</trkpt>
<trkpt lat="27.824656" lon="86.729048">
	<ele>3609.00</ele>
</trkpt>
<trkpt lat="27.824742" lon="86.729022">
	<ele>3608.23</ele>
</trkpt>
<trkpt lat="27.825001" lon="86.729266">
	<ele>3602.60</ele>
</trkpt>
<trkpt lat="27.825060" lon="86.729499">
	<ele>3598.16</ele>
</trkpt>
<trkpt lat="27.825085" lon="86.729531">
	<ele>3598.13</ele>
</trkpt>
<trkpt lat="27.825186" lon="86.729808">
	<ele>3595.27</ele>
</trkpt>
<trkpt lat="27.825172" lon="86.729907">
	<ele>3592.18</ele>
</trkpt>
<trkpt lat="27.825235" lon="86.730012">
	<ele>3592.50</ele>
</trkpt>
<trkpt lat="27.825304" lon="86.730236">
	<ele>3589.99</ele>
</trkpt>
<trkpt lat="27.825396" lon="86.730341">
	<ele>3591.85</ele>
</trkpt>
<trkpt lat="27.825475" lon="86.730487">
	<ele>3591.65</ele>
</trkpt>
<trkpt lat="27.825495" lon="86.730674">
	<ele>3586.83</ele>
</trkpt>
<trkpt lat="27.825554" lon="86.730782">
	<ele>3586.67</ele>
</trkpt>
<trkpt lat="27.825597" lon="86.730942">
	<ele>3584.32</ele>
</trkpt>
<trkpt lat="27.825756" lon="86.730980">
	<ele>3591.80</ele>
</trkpt>
<trkpt lat="27.825879" lon="86.731092">
	<ele>3595.78</ele>
</trkpt>
<trkpt lat="27.825909" lon="86.731262">
	<ele>3593.90</ele>
</trkpt>
<trkpt lat="27.825883" lon="86.731423">
	<ele>3589.05</ele>
</trkpt>
<trkpt lat="27.825753" lon="86.731603">
	<ele>3577.22</ele>
</trkpt>
<trkpt lat="27.825681" lon="86.731799">
	<ele>3570.06</ele>
</trkpt>
<trkpt lat="27.825743" lon="86.731989">
	<ele>3573.27</ele>
</trkpt>
<trkpt lat="27.825728" lon="86.732191">
	<ele>3571.90</ele>
</trkpt>
<trkpt lat="27.825672" lon="86.732416">
	<ele>3567.58</ele>
</trkpt>
<trkpt lat="27.825741" lon="86.732504">
	<ele>3573.57</ele>
</trkpt>
<trkpt lat="27.825692" lon="86.732633">
	<ele>3570.10</ele>
</trkpt>
<trkpt lat="27.825671" lon="86.732731">
	<ele>3569.34</ele>
</trkpt>
<trkpt lat="27.825564" lon="86.732937">
	<ele>3562.38</ele>
</trkpt>
<trkpt lat="27.825537" lon="86.733031">
	<ele>3560.72</ele>
</trkpt>
<trkpt lat="27.825470" lon="86.733262">
	<ele>3554.32</ele>
</trkpt>
<trkpt lat="27.825461" lon="86.733485">
	<ele>3549.44</ele>
</trkpt>
<trkpt lat="27.825496" lon="86.733671">
	<ele>3547.29</ele>
</trkpt>
<trkpt lat="27.825603" lon="86.733787">
	<ele>3553.50</ele>
</trkpt>
<trkpt lat="27.825821" lon="86.733984">
	<ele>3565.38</ele>
</trkpt>
<trkpt lat="27.825902" lon="86.734118">
	<ele>3566.56</ele>
</trkpt>
<trkpt lat="27.825966" lon="86.734305">
	<ele>3564.28</ele>
</trkpt>
<trkpt lat="27.825994" lon="86.734618">
	<ele>3553.29</ele>
</trkpt>
<trkpt lat="27.826022" lon="86.734932">
	<ele>3540.90</ele>
</trkpt>
<trkpt lat="27.826118" lon="86.735054">
	<ele>3541.90</ele>
</trkpt>
<trkpt lat="27.826304" lon="86.735455">
	<ele>3537.53</ele>
</trkpt>
<trkpt lat="27.826447" lon="86.735631">
	<ele>3540.90</ele>
</trkpt>
<trkpt lat="27.826622" lon="86.735708">
	<ele>3549.34</ele>
</trkpt>
<trkpt lat="27.827004" lon="86.735911">
	<ele>3551.93</ele>
</trkpt>
<trkpt lat="27.827326" lon="86.735977">
	<ele>3552.64</ele>
</trkpt>
<trkpt lat="27.827647" lon="86.736044">
	<ele>3554.47</ele>
</trkpt>
<trkpt lat="27.827810" lon="86.736142">
	<ele>3551.87</ele>
</trkpt>
<trkpt lat="27.827969" lon="86.736260">
	<ele>3548.68</ele>
</trkpt>
<trkpt lat="27.828182" lon="86.736267">
	<ele>3553.31</ele>
</trkpt>
<trkpt lat="27.828116" lon="86.736594">
	<ele>3534.80</ele>
</trkpt>
<trkpt lat="27.828286" lon="86.736836">
	<ele>3526.85</ele>
</trkpt>
<trkpt lat="27.828118" lon="86.736871">
	<ele>3520.45</ele>
</trkpt>
<trkpt lat="27.828154" lon="86.736938">
	<ele>3517.90</ele>
</trkpt>
<trkpt lat="27.828269" lon="86.737069">
	<ele>3513.88</ele>
</trkpt>
<trkpt lat="27.828342" lon="86.737300">
	<ele>3503.56</ele>
</trkpt>
<trkpt lat="27.828360" lon="86.737357">
	<ele>3501.14</ele>
</trkpt>
<trkpt lat="27.828388" lon="86.737656">
	<ele>3488.69</ele>
</trkpt>
<trkpt lat="27.828379" lon="86.737828">
	<ele>3482.30</ele>
</trkpt>
<trkpt lat="27.828447" lon="86.738012">
	<ele>3476.93</ele>
</trkpt>
<trkpt lat="27.828566" lon="86.737824">
	<ele>3484.67</ele>
</trkpt>
<trkpt lat="27.828641" lon="86.737712">
	<ele>3489.81</ele>
</trkpt>
<trkpt lat="27.828723" lon="86.737743">
	<ele>3489.27</ele>
</trkpt>
<trkpt lat="27.828790" lon="86.737839">
	<ele>3485.69</ele>
</trkpt>
<trkpt lat="27.828872" lon="86.737982">
	<ele>3480.08</ele>
</trkpt>
<trkpt lat="27.828859" lon="86.738418">
	<ele>3463.51</ele>
</trkpt>
<trkpt lat="27.828846" lon="86.738853">
	<ele>3450.78</ele>
</trkpt>
<trkpt lat="27.828840" lon="86.738945">
	<ele>3448.19</ele>
</trkpt>
<trkpt lat="27.828893" lon="86.739019">
	<ele>3446.22</ele>
</trkpt>
<trkpt lat="27.829263" lon="86.739110">
	<ele>3445.00</ele>
</trkpt>
<trkpt lat="27.829416" lon="86.738975">
	<ele>3448.63</ele>
</trkpt>
<trkpt lat="27.829639" lon="86.738987">
	<ele>3448.05</ele>
</trkpt>
<trkpt lat="27.829729" lon="86.739119">
	<ele>3444.54</ele>
</trkpt>
<trkpt lat="27.829806" lon="86.739196">
	<ele>3443.11</ele>
</trkpt>
<trkpt lat="27.829897" lon="86.739208">
	<ele>3443.69</ele>
</trkpt>
<trkpt lat="27.829931" lon="86.739264">
	<ele>3443.19</ele>
</trkpt>
<trkpt lat="27.829876" lon="86.739395">
	<ele>3440.82</ele>
</trkpt>
<trkpt lat="27.829864" lon="86.739439">
	<ele>3440.24</ele>
</trkpt>
<trkpt lat="27.829951" lon="86.739484">
	<ele>3441.52</ele>
</trkpt>
<trkpt lat="27.829996" lon="86.739540">
	<ele>3442.37</ele>
</trkpt>
<trkpt lat="27.829935" lon="86.739705">
	<ele>3440.81</ele>
</trkpt>
<trkpt lat="27.829722" lon="86.739989">
	<ele>3433.76</ele>
</trkpt>
<trkpt lat="27.829508" lon="86.740272">
	<ele>3425.12</ele>
</trkpt>
<trkpt lat="27.829454" lon="86.740414">
	<ele>3422.97</ele>
</trkpt>
<trkpt lat="27.829596" lon="86.740849">
	<ele>3427.95</ele>
</trkpt>
<trkpt lat="27.829975" lon="86.741097">
	<ele>3443.20</ele>
</trkpt>
<trkpt lat="27.830037" lon="86.741357">
	<ele>3444.35</ele>
</trkpt>
<trkpt lat="27.829908" lon="86.741607">
	<ele>3435.98</ele>
</trkpt>
<trkpt lat="27.829779" lon="86.741857">
	<ele>3425.78</ele>
</trkpt>
<trkpt lat="27.829736" lon="86.742262">
	<ele>3417.62</ele>
</trkpt>
<trkpt lat="27.829834" lon="86.742482">
	<ele>3417.92</ele>
</trkpt>
<trkpt lat="27.829848" lon="86.742431">
	<ele>3420.67</ele>
</trkpt>
<trkpt lat="27.829935" lon="86.742448">
	<ele>3425.40</ele>
</trkpt>
<trkpt lat="27.829923" lon="86.742510">
	<ele>3422.31</ele>
</trkpt>
<trkpt lat="27.830130" lon="86.742570">
	<ele>3430.22</ele>
</trkpt>
<trkpt lat="27.830240" lon="86.742694">
	<ele>3428.20</ele>
</trkpt>
<trkpt lat="27.830429" lon="86.743004">
	<ele>3414.53</ele>
</trkpt>
<trkpt lat="27.830349" lon="86.743028">
	<ele>3409.66</ele>
</trkpt>
<trkpt lat="27.830503" lon="86.743069">
	<ele>3412.60</ele>
</trkpt>
<trkpt lat="27.830616" lon="86.743314">
	<ele>3400.07</ele>
</trkpt>
<trkpt lat="27.830567" lon="86.743364">
	<ele>3395.28</ele>
</trkpt>
<trkpt lat="27.830642" lon="86.743478">
	<ele>3390.97</ele>
</trkpt>
<trkpt lat="27.830658" lon="86.743759">
	<ele>3374.49</ele>
</trkpt>
<trkpt lat="27.830703" lon="86.743823">
	<ele>3372.16</ele>
</trkpt>
<trkpt lat="27.830634" lon="86.743930">
	<ele>3363.32</ele>
</trkpt>
<trkpt lat="27.830671" lon="86.743995">
	<ele>3360.76</ele>
</trkpt>
<trkpt lat="27.830792" lon="86.743996">
	<ele>3364.36</ele>
</trkpt>
<trkpt lat="27.830819" lon="86.744075">
	<ele>3360.24</ele>
</trkpt>
<trkpt lat="27.830614" lon="86.744139">
	<ele>3350.13</ele>
</trkpt>
<trkpt lat="27.830848" lon="86.744415">
	<ele>3339.16</ele>
</trkpt>
<trkpt lat="27.830887" lon="86.744528">
	<ele>3332.01</ele>
</trkpt>
<trkpt lat="27.831180" lon="86.744517">
	<ele>3332.77</ele>
</trkpt>
<trkpt lat="27.831387" lon="86.744707">
	<ele>3318.94</ele>
</trkpt>
<trkpt lat="27.831329" lon="86.744739">
	<ele>3317.33</ele>
</trkpt>
<trkpt lat="27.831425" lon="86.744779">
	<ele>3314.56</ele>
</trkpt>
<trkpt lat="27.831403" lon="86.744893">
	<ele>3308.67</ele>
</trkpt>
<trkpt lat="27.831536" lon="86.744854">
	<ele>3310.47</ele>
</trkpt>
<trkpt lat="27.831626" lon="86.744828">
	<ele>3312.19</ele>
</trkpt>
<trkpt lat="27.831769" lon="86.745045">
	<ele>3304.76</ele>
</trkpt>
<trkpt lat="27.831931" lon="86.745127">
	<ele>3305.25</ele>
</trkpt>
<trkpt lat="27.831816" lon="86.745359">
	<ele>3300.04</ele>
</trkpt>
<trkpt lat="27.831700" lon="86.745590">
	<ele>3297.23</ele>
</trkpt>
<trkpt lat="27.831626" lon="86.745762">
	<ele>3296.01</ele>
</trkpt>
<trkpt lat="27.831607" lon="86.745994">
	<ele>3296.64</ele>
</trkpt>
<trkpt lat="27.831633" lon="86.745936">
	<ele>3296.75</ele>
</trkpt>
<trkpt lat="27.831708" lon="86.746058">
	<ele>3299.45</ele>
</trkpt>
<trkpt lat="27.831678" lon="86.746127">
	<ele>3299.56</ele>
</trkpt>
<trkpt lat="27.831669" lon="86.746225">
	<ele>3300.73</ele>
</trkpt>
<trkpt lat="27.831670" lon="86.746228">
	<ele>3300.80</ele>
</trkpt>
<trkpt lat="27.831695" lon="86.746293">
	<ele>3302.41</ele>
</trkpt>
<trkpt lat="27.831726" lon="86.746367">
	<ele>3304.45</ele>
</trkpt>
<trkpt lat="27.831753" lon="86.746440">
	<ele>3306.52</ele>
</trkpt>
<trkpt lat="27.831805" lon="86.746514">
	<ele>3309.47</ele>
</trkpt>
<trkpt lat="27.831884" lon="86.746571">
	<ele>3313.25</ele>
</trkpt>
<trkpt lat="27.831932" lon="86.746596">
	<ele>3315.54</ele>
</trkpt>
<trkpt lat="27.831977" lon="86.746606">
	<ele>3317.54</ele>
</trkpt>
<trkpt lat="27.832062" lon="86.746612">
	<ele>3321.32</ele>
</trkpt>
<trkpt lat="27.832122" lon="86.746648">
	<ele>3324.77</ele>
</trkpt>
<trkpt lat="27.832183" lon="86.746696">
	<ele>3328.55</ele>
</trkpt>
<trkpt lat="27.832264" lon="86.746687">
	<ele>3332.42</ele>
</trkpt>
<trkpt lat="27.832325" lon="86.746720">
	<ele>3336.08</ele>
</trkpt>
<trkpt lat="27.832364" lon="86.746747">
	<ele>3338.52</ele>
</trkpt>
<trkpt lat="27.832402" lon="86.746795">
	<ele>3341.20</ele>
</trkpt>
<trkpt lat="27.832451" lon="86.746840">
	<ele>3344.33</ele>
</trkpt>
<trkpt lat="27.832493" lon="86.746898">
	<ele>3347.16</ele>
</trkpt>
<trkpt lat="27.832517" lon="86.747059">
	<ele>3349.86</ele>
</trkpt>
<trkpt lat="27.832558" lon="86.747132">
	<ele>3352.57</ele>
</trkpt>
<trkpt lat="27.832587" lon="86.747240">
	<ele>3354.91</ele>
</trkpt>
<trkpt lat="27.832563" lon="86.747370">
	<ele>3354.65</ele>
</trkpt>
<trkpt lat="27.832587" lon="86.747552">
	<ele>3358.20</ele>
</trkpt>
<trkpt lat="27.832574" lon="86.747752">
	<ele>3361.03</ele>
</trkpt>
<trkpt lat="27.832432" lon="86.748077">
	<ele>3360.32</ele>
</trkpt>
<trkpt lat="27.832453" lon="86.748351">
	<ele>3365.04</ele>
</trkpt>
<trkpt lat="27.832622" lon="86.748614">
	<ele>3374.74</ele>
</trkpt>
<trkpt lat="27.832618" lon="86.748752">
	<ele>3374.31</ele>
</trkpt>
<trkpt lat="27.832678" lon="86.748866">
	<ele>3377.45</ele>
</trkpt>
<trkpt lat="27.832790" lon="86.748954">
	<ele>3384.28</ele>
</trkpt>
<trkpt lat="27.832894" lon="86.749130">
	<ele>3390.95</ele>
</trkpt>
<trkpt lat="27.832964" lon="86.749464">
	<ele>3395.85</ele>
</trkpt>
<trkpt lat="27.833034" lon="86.749799">
	<ele>3401.80</ele>
</trkpt>
<trkpt lat="27.833069" lon="86.750085">
	<ele>3407.01</ele>
</trkpt>
<trkpt lat="27.833237" lon="86.750000">
	<ele>3418.80</ele>
</trkpt>
<trkpt lat="27.833362" lon="86.749993">
	<ele>3428.07</ele>
</trkpt>
<trkpt lat="27.833321" lon="86.750250">
	<ele>3428.14</ele>
</trkpt>
<trkpt lat="27.833466" lon="86.750593">
	<ele>3443.74</ele>
</trkpt>
<trkpt lat="27.833525" lon="86.750848">
	<ele>3451.13</ele>
</trkpt>
<trkpt lat="27.833778" lon="86.750541">
	<ele>3464.93</ele>
</trkpt>
<trkpt lat="27.833831" lon="86.750835">
	<ele>3470.94</ele>
</trkpt>
<trkpt lat="27.833925" lon="86.751126">
	<ele>3479.10</ele>
</trkpt>
<trkpt lat="27.834019" lon="86.751417">
	<ele>3487.45</ele>
</trkpt>
<trkpt lat="27.834037" lon="86.751883">
	<ele>3494.49</ele>
</trkpt>
<trkpt lat="27.834054" lon="86.752349">
	<ele>3504.51</ele>
</trkpt>
<trkpt lat="27.834178" lon="86.752280">
	<ele>3511.49</ele>
</trkpt>
<trkpt lat="27.834286" lon="86.752699">
	<ele>3527.05</ele>
</trkpt>
<trkpt lat="27.834408" lon="86.752580">
	<ele>3533.42</ele>
</trkpt>
<trkpt lat="27.834404" lon="86.752919">
	<ele>3539.85</ele>
</trkpt>
<trkpt lat="27.834543" lon="86.752801">
	<ele>3547.57</ele>
</trkpt>
<trkpt lat="27.834576" lon="86.753139">
	<ele>3557.09</ele>
</trkpt>
<trkpt lat="27.834610" lon="86.753478">
	<ele>3566.27</ele>
</trkpt>
<trkpt lat="27.834876" lon="86.753234">
	<ele>3581.67</ele>
</trkpt>
<trkpt lat="27.834888" lon="86.753706">
	<ele>3590.33</ele>
</trkpt>
<trkpt lat="27.834899" lon="86.754178">
	<ele>3598.87</ele>
</trkpt>
<trkpt lat="27.834910" lon="86.754650">
	<ele>3611.10</ele>
</trkpt>
<trkpt lat="27.835108" lon="86.754437">
	<ele>3620.67</ele>
</trkpt>
<trkpt lat="27.835306" lon="86.754224">
	<ele>3631.34</ele>
</trkpt>
<trkpt lat="27.835270" lon="86.754592">
	<ele>3637.58</ele>
</trkpt>
<trkpt lat="27.835422" lon="86.754509">
	<ele>3647.46</ele>
</trkpt>
<trkpt lat="27.835429" lon="86.754857">
	<ele>3656.89</ele>
</trkpt>
<trkpt lat="27.835437" lon="86.755206">
	<ele>3665.66</ele>
</trkpt>
<trkpt lat="27.835413" lon="86.755575">
	<ele>3671.93</ele>
</trkpt>
<trkpt lat="27.835388" lon="86.755944">
	<ele>3677.06</ele>
</trkpt>
<trkpt lat="27.835283" lon="86.756187">
	<ele>3672.59</ele>
</trkpt>
<trkpt lat="27.835320" lon="86.756318">
	<ele>3677.62</ele>
</trkpt>
<trkpt lat="27.835292" lon="86.756635">
	<ele>3681.08</ele>
</trkpt>
<trkpt lat="27.835264" lon="86.756951">
	<ele>3685.32</ele>
</trkpt>
<trkpt lat="27.835303" lon="86.757229">
	<ele>3694.83</ele>
</trkpt>
<trkpt lat="27.835256" lon="86.757596">
	<ele>3699.51</ele>
</trkpt>
<trkpt lat="27.835208" lon="86.757962">
	<ele>3705.78</ele>
</trkpt>
<trkpt lat="27.835274" lon="86.758412">
	<ele>3724.62</ele>
</trkpt>
<trkpt lat="27.835177" lon="86.758787">
	<ele>3726.81</ele>
</trkpt>
<trkpt lat="27.835120" lon="86.758968">
	<ele>3727.36</ele>
</trkpt>
<trkpt lat="27.835141" lon="86.759053">
	<ele>3731.28</ele>
</trkpt>
<trkpt lat="27.835163" lon="86.759141">
	<ele>3735.34</ele>
</trkpt>
<trkpt lat="27.835208" lon="86.759373">
	<ele>3745.13</ele>
</trkpt>
<trkpt lat="27.835153" lon="86.759554">
	<ele>3746.39</ele>
</trkpt>
<trkpt lat="27.835029" lon="86.759758">
	<ele>3743.46</ele>
</trkpt>
<trkpt lat="27.834987" lon="86.759895">
	<ele>3744.29</ele>
</trkpt>
<trkpt lat="27.835049" lon="86.760052">
	<ele>3752.76</ele>
</trkpt>
<trkpt lat="27.835139" lon="86.760213">
	<ele>3762.78</ele>
</trkpt>
<trkpt lat="27.835173" lon="86.760460">
	<ele>3770.54</ele>
</trkpt>
<trkpt lat="27.835174" lon="86.760688">
	<ele>3775.65</ele>
</trkpt>
<trkpt lat="27.835041" lon="86.760928">
	<ele>3772.20</ele>
</trkpt>
<trkpt lat="27.834989" lon="86.761066">
	<ele>3772.20</ele>
</trkpt>
<trkpt lat="27.835030" lon="86.761233">
	<ele>3779.45</ele>
</trkpt>
<trkpt lat="27.835125" lon="86.761529">
	<ele>3793.90</ele>
</trkpt>
<trkpt lat="27.835106" lon="86.761630">
	<ele>3795.22</ele>
</trkpt>
<trkpt lat="27.835076" lon="86.761855">
	<ele>3798.97</ele>
</trkpt>
<trkpt lat="27.835011" lon="86.762005">
	<ele>3798.51</ele>
</trkpt>
<trkpt lat="27.835001" lon="86.762268">
	<ele>3804.54</ele>
</trkpt>
<trkpt lat="27.835085" lon="86.762421">
	<ele>3813.73</ele>
</trkpt>
<trkpt lat="27.835063" lon="86.762601">
	<ele>3816.33</ele>
</trkpt>
<trkpt lat="27.835011" lon="86.762785">
	<ele>3816.96</ele>
</trkpt>
<trkpt lat="27.834961" lon="86.762935">
	<ele>3816.91</ele>
</trkpt>
<trkpt lat="27.834968" lon="86.763050">
	<ele>3819.68</ele>
</trkpt>
<trkpt lat="27.834985" lon="86.763180">
	<ele>3823.27</ele>
</trkpt>
<trkpt lat="27.835012" lon="86.763266">
	<ele>3826.49</ele>
</trkpt>
<trkpt lat="27.835015" lon="86.763304">
	<ele>3827.35</ele>
</trkpt>
<trkpt lat="27.835067" lon="86.763290">
	<ele>3830.21</ele>
</trkpt>
<trkpt lat="27.835137" lon="86.763352">
	<ele>3835.47</ele>
</trkpt>
<trkpt lat="27.835209" lon="86.763475">
	<ele>3841.42</ele>
</trkpt>
<trkpt lat="27.835186" lon="86.763656">
	<ele>3842.18</ele>
</trkpt>
<trkpt lat="27.835235" lon="86.763756">
	<ele>3845.63</ele>
</trkpt>
<trkpt lat="27.835237" lon="86.763840">
	<ele>3846.42</ele>
</trkpt>
<trkpt lat="27.835238" lon="86.763928">
	<ele>3847.18</ele>
</trkpt>
<trkpt lat="27.835227" lon="86.764057">
	<ele>3847.84</ele>
</trkpt>
<trkpt lat="27.835204" lon="86.764140">
	<ele>3847.79</ele>
</trkpt>
<trkpt lat="27.835174" lon="86.764227">
	<ele>3847.70</ele>
</trkpt>
<trkpt lat="27.835148" lon="86.764290">
	<ele>3847.57</ele>
</trkpt>
<trkpt lat="27.835192" lon="86.764292">
	<ele>3849.07</ele>
</trkpt>
<trkpt lat="27.835236" lon="86.764273">
	<ele>3850.28</ele>
</trkpt>
<trkpt lat="27.835265" lon="86.764231">
	<ele>3850.81</ele>
</trkpt>
<trkpt lat="27.835281" lon="86.764179">
	<ele>3850.88</ele>
</trkpt>
<trkpt lat="27.835332" lon="86.764137">
	<ele>3852.23</ele>
</trkpt>
<trkpt lat="27.835382" lon="86.764120">
	<ele>3853.73</ele>
</trkpt>
<trkpt lat="27.835454" lon="86.764071">
	<ele>3855.76</ele>
</trkpt>
<trkpt lat="27.835636" lon="86.763978">
	<ele>3860.63</ele>
</trkpt>
<trkpt lat="27.835652" lon="86.764165">
	<ele>3860.12</ele>
</trkpt>
<trkpt lat="27.835621" lon="86.764267">
	<ele>3859.25</ele>
</trkpt>
<trkpt lat="27.835707" lon="86.764415">
	<ele>3859.27</ele>
</trkpt>
<trkpt lat="27.835780" lon="86.764475">
	<ele>3859.11</ele>
</trkpt>
<trkpt lat="27.835818" lon="86.764412">
	<ele>3859.84</ele>
</trkpt>
<trkpt lat="27.835852" lon="86.764347">
	<ele>3860.58</ele>
</trkpt>
<trkpt lat="27.835818" lon="86.764412">
	<ele>3859.84</ele>
</trkpt>
<trkpt lat="27.835780" lon="86.764475">
	<ele>3859.11</ele>
</trkpt>
<trkpt lat="27.835707" lon="86.764415">
	<ele>3859.27</ele>
</trkpt>
<trkpt lat="27.835751" lon="86.764672">
	<ele>3857.26</ele>
</trkpt>
<trkpt lat="27.835819" lon="86.764783">
	<ele>3856.28</ele>
</trkpt>
<trkpt lat="27.835930" lon="86.764965">
	<ele>3854.93</ele>
</trkpt>
<trkpt lat="27.836083" lon="86.765220">
	<ele>3854.06</ele>
</trkpt>
<trkpt lat="27.836283" lon="86.765464">
	<ele>3853.46</ele>
</trkpt>
<trkpt lat="27.836355" lon="86.765508">
	<ele>3853.08</ele>
</trkpt>
<trkpt lat="27.836284" lon="86.765290">
	<ele>3853.74</ele>
</trkpt>
<trkpt lat="27.836217" lon="86.765077">
	<ele>3854.52</ele>
</trkpt>
<trkpt lat="27.836208" lon="86.765050">
	<ele>3854.63</ele>
</trkpt>
<trkpt lat="27.836217" lon="86.765077">
	<ele>3854.52</ele>
</trkpt>
<trkpt lat="27.836284" lon="86.765290">
	<ele>3853.74</ele>
</trkpt>
<trkpt lat="27.836355" lon="86.765508">
	<ele>3853.08</ele>
</trkpt>
<trkpt lat="27.836464" lon="86.765656">
	<ele>3852.03</ele>
</trkpt>
<trkpt lat="27.836531" lon="86.765732">
	<ele>3851.05</ele>
</trkpt>
<trkpt lat="27.836643" lon="86.765782">
	<ele>3848.61</ele>
</trkpt>
<trkpt lat="27.836775" lon="86.765790">
	<ele>3844.38</ele>
</trkpt>
<trkpt lat="27.836886" lon="86.765848">
	<ele>3840.10</ele>
</trkpt>
<trkpt lat="27.836937" lon="86.765956">
	<ele>3838.26</ele>
</trkpt>
<trkpt lat="27.836991" lon="86.766069">
	<ele>3836.33</ele>
</trkpt>
<trkpt lat="27.837110" lon="86.766120">
	<ele>3830.94</ele>
</trkpt>
<trkpt lat="27.837127" lon="86.766128">
	<ele>3830.14</ele>
</trkpt>
<trkpt lat="27.837266" lon="86.766160">
	<ele>3823.24</ele>
</trkpt>
<trkpt lat="27.837361" lon="86.766221">
	<ele>3818.56</ele>
</trkpt>
<trkpt lat="27.837414" lon="86.766602">
	<ele>3816.56</ele>
</trkpt>
<trkpt lat="27.837421" lon="86.766706">
	<ele>3815.86</ele>
</trkpt>
<trkpt lat="27.837488" lon="86.766858">
	<ele>3811.59</ele>
</trkpt>
<trkpt lat="27.837562" lon="86.766841">
	<ele>3808.04</ele>
</trkpt>
<trkpt lat="27.837520" lon="86.767044">
	<ele>3808.36</ele>
</trkpt>
<trkpt lat="27.837524" lon="86.767156">
	<ele>3806.89</ele>
</trkpt>
<trkpt lat="27.837577" lon="86.767170">
	<ele>3804.25</ele>
</trkpt>
<trkpt lat="27.837685" lon="86.767403">
	<ele>3796.43</ele>
</trkpt>
<trkpt lat="27.837671" lon="86.767627">
	<ele>3793.56</ele>
</trkpt>
<trkpt lat="27.837601" lon="86.767815">
	<ele>3792.02</ele>
</trkpt>
<trkpt lat="27.837624" lon="86.767922">
	<ele>3788.56</ele>
</trkpt>
<trkpt lat="27.837567" lon="86.768226">
	<ele>3784.11</ele>
</trkpt>
<trkpt lat="27.837653" lon="86.768416">
	<ele>3779.93</ele>
</trkpt>
<trkpt lat="27.837834" lon="86.768492">
	<ele>3775.17</ele>
</trkpt>
<trkpt lat="27.838012" lon="86.768609">
	<ele>3771.11</ele>
</trkpt>
<trkpt lat="27.838319" lon="86.768748">
	<ele>3763.02</ele>
</trkpt>
<trkpt lat="27.838625" lon="86.768887">
	<ele>3752.93</ele>
</trkpt>
<trkpt lat="27.838645" lon="86.769012">
	<ele>3752.08</ele>
</trkpt>
<trkpt lat="27.838706" lon="86.769101">
	<ele>3749.58</ele>
</trkpt>
<trkpt lat="27.838671" lon="86.769458">
	<ele>3748.72</ele>
</trkpt>
<trkpt lat="27.838721" lon="86.769557">
	<ele>3746.07</ele>
</trkpt>
<trkpt lat="27.838948" lon="86.769825">
	<ele>3737.10</ele>
</trkpt>
<trkpt lat="27.839089" lon="86.770110">
	<ele>3733.60</ele>
</trkpt>
<trkpt lat="27.839207" lon="86.770197">
	<ele>3730.98</ele>
</trkpt>
<trkpt lat="27.839292" lon="86.770338">
	<ele>3730.04</ele>
</trkpt>
<trkpt lat="27.839421" lon="86.770630">
	<ele>3730.04</ele>
</trkpt>
<trkpt lat="27.839427" lon="86.770709">
	<ele>3730.74</ele>
</trkpt>
<trkpt lat="27.839441" lon="86.770899">
	<ele>3732.83</ele>
</trkpt>
<trkpt lat="27.839493" lon="86.771050">
	<ele>3734.12</ele>
</trkpt>
<trkpt lat="27.839510" lon="86.771088">
	<ele>3734.41</ele>
</trkpt>
<trkpt lat="27.839569" lon="86.771114">
	<ele>3733.81</ele>
</trkpt>
<trkpt lat="27.839634" lon="86.771132">
	<ele>3733.03</ele>
</trkpt>
<trkpt lat="27.839757" lon="86.771237">
	<ele>3732.77</ele>
</trkpt>
<trkpt lat="27.839857" lon="86.771420">
	<ele>3734.20</ele>
</trkpt>
<trkpt lat="27.839982" lon="86.771456">
	<ele>3732.81</ele>
</trkpt>
<trkpt lat="27.840174" lon="86.771644">
	<ele>3733.15</ele>
</trkpt>
<trkpt lat="27.840314" lon="86.771722">
	<ele>3732.81</ele>
</trkpt>
<trkpt lat="27.840451" lon="86.771893">
	<ele>3733.82</ele>
</trkpt>
<trkpt lat="27.840514" lon="86.771940">
	<ele>3733.72</ele>
</trkpt>
<trkpt lat="27.840580" lon="86.771989">
	<ele>3733.52</ele>
</trkpt>
<trkpt lat="27.840863" lon="86.772355">
	<ele>3733.00</ele>
</trkpt>
<trkpt lat="27.841015" lon="86.772495">
	<ele>3732.28</ele>
</trkpt>
<trkpt lat="27.841122" lon="86.772597">
	<ele>3732.08</ele>
</trkpt>
<trkpt lat="27.841188" lon="86.772750">
	<ele>3732.80</ele>
</trkpt>
<trkpt lat="27.841315" lon="86.772702">
	<ele>3730.81</ele>
</trkpt>
<trkpt lat="27.841557" lon="86.772663">
	<ele>3726.67</ele>
</trkpt>
<trkpt lat="27.841576" lon="86.772701">
	<ele>3726.75</ele>
</trkpt>
<trkpt lat="27.841661" lon="86.772975">
	<ele>3728.54</ele>
</trkpt>
<trkpt lat="27.841707" lon="86.773172">
	<ele>3730.51</ele>
</trkpt>
<trkpt lat="27.841694" lon="86.773311">
	<ele>3732.46</ele>
</trkpt>
<trkpt lat="27.841704" lon="86.773468">
	<ele>3734.22</ele>
</trkpt>
<trkpt lat="27.841736" lon="86.773721">
	<ele>3736.42</ele>
</trkpt>
<trkpt lat="27.841794" lon="86.773779">
	<ele>3736.96</ele>
</trkpt>
<trkpt lat="27.841944" lon="86.773793">
	<ele>3738.06</ele>
</trkpt>
<trkpt lat="27.842010" lon="86.773887">
	<ele>3739.71</ele>
</trkpt>
<trkpt lat="27.842061" lon="86.773814">
	<ele>3739.49</ele>
</trkpt>
<trkpt lat="27.842128" lon="86.773795">
	<ele>3739.95</ele>
</trkpt>
<trkpt lat="27.842175" lon="86.773734">
	<ele>3739.63</ele>
</trkpt>
<trkpt lat="27.842216" lon="86.773671">
	<ele>3739.03</ele>
</trkpt>
<trkpt lat="27.842256" lon="86.773611">
	<ele>3738.21</ele>
</trkpt>
<trkpt lat="27.842312" lon="86.773582">
	<ele>3737.58</ele>
</trkpt>
<trkpt lat="27.842400" lon="86.773654">
	<ele>3738.13</ele>
</trkpt>
<trkpt lat="27.842466" lon="86.773732">
	<ele>3738.47</ele>
</trkpt>
<trkpt lat="27.842491" lon="86.773807">
	<ele>3739.20</ele>
</trkpt>
<trkpt lat="27.842552" lon="86.773852">
	<ele>3738.44</ele>
</trkpt>
<trkpt lat="27.842650" lon="86.773945">
	<ele>3736.95</ele>
</trkpt>
<trkpt lat="27.842711" lon="86.774039">
	<ele>3736.56</ele>
</trkpt>
<trkpt lat="27.842663" lon="86.774092">
	<ele>3739.07</ele>
</trkpt>
<trkpt lat="27.842643" lon="86.774184">
	<ele>3741.08</ele>
</trkpt>
<trkpt lat="27.842631" lon="86.774241">
	<ele>3742.12</ele>
</trkpt>
<trkpt lat="27.842707" lon="86.774397">
	<ele>3741.64</ele>
</trkpt>
<trkpt lat="27.842746" lon="86.774416">
	<ele>3740.81</ele>
</trkpt>
<trkpt lat="27.842820" lon="86.774477">
	<ele>3739.42</ele>
</trkpt>
<trkpt lat="27.842866" lon="86.774561">
	<ele>3739.02</ele>
</trkpt>
<trkpt lat="27.842919" lon="86.774637">
	<ele>3738.50</ele>
</trkpt>
<trkpt lat="27.842969" lon="86.774711">
	<ele>3738.18</ele>
</trkpt>
<trkpt lat="27.842972" lon="86.774792">
	<ele>3739.12</ele>
</trkpt>
<trkpt lat="27.842962" lon="86.774893">
	<ele>3740.70</ele>
</trkpt>
<trkpt lat="27.842959" lon="86.774942">
	<ele>3741.50</ele>
</trkpt>
<trkpt lat="27.843032" lon="86.775091">
	<ele>3742.80</ele>
</trkpt>
<trkpt lat="27.843156" lon="86.775553">
	<ele>3748.28</ele>
</trkpt>
<trkpt lat="27.843167" lon="86.775707">
	<ele>3750.97</ele>
</trkpt>
<trkpt lat="27.843136" lon="86.775924">
	<ele>3756.89</ele>
</trkpt>
<trkpt lat="27.843145" lon="86.776036">
	<ele>3759.33</ele>
</trkpt>
<trkpt lat="27.843205" lon="86.776218">
	<ele>3761.86</ele>
</trkpt>
<trkpt lat="27.843292" lon="86.776271">
	<ele>3759.91</ele>
</trkpt>
<trkpt lat="27.843427" lon="86.776484">
	<ele>3760.73</ele>
</trkpt>
<trkpt lat="27.843479" lon="86.776499">
	<ele>3759.13</ele>
</trkpt>
<trkpt lat="27.843484" lon="86.776544">
	<ele>3760.47</ele>
</trkpt>
<trkpt lat="27.843514" lon="86.776484">
	<ele>3757.18</ele>
</trkpt>
<trkpt lat="27.843533" lon="86.776533">
	<ele>3758.16</ele>
</trkpt>
<trkpt lat="27.843762" lon="86.776772">
	<ele>3759.00</ele>
</trkpt>
<trkpt lat="27.843955" lon="86.776923">
	<ele>3758.47</ele>
</trkpt>
<trkpt lat="27.844147" lon="86.777074">
	<ele>3757.69</ele>
</trkpt>
<trkpt lat="27.844496" lon="86.777332">
	<ele>3756.94</ele>
</trkpt>
<trkpt lat="27.844789" lon="86.777459">
	<ele>3755.67</ele>
</trkpt>
<trkpt lat="27.845077" lon="86.777583">
	<ele>3755.28</ele>
</trkpt>
<trkpt lat="27.845081" lon="86.777585">
	<ele>3755.30</ele>
</trkpt>
<trkpt lat="27.845310" lon="86.777731">
	<ele>3757.54</ele>
</trkpt>
<trkpt lat="27.845539" lon="86.777878">
	<ele>3760.51</ele>
</trkpt>
<trkpt lat="27.845924" lon="86.778030">
	<ele>3762.16</ele>
</trkpt>
<trkpt lat="27.846254" lon="86.778177">
	<ele>3765.09</ele>
</trkpt>
<trkpt lat="27.846362" lon="86.778252">
	<ele>3767.80</ele>
</trkpt>
<trkpt lat="27.846499" lon="86.778362">
	<ele>3771.98</ele>
</trkpt>
<trkpt lat="27.846666" lon="86.778426">
	<ele>3773.23</ele>
</trkpt>
<trkpt lat="27.846781" lon="86.778486">
	<ele>3775.25</ele>
</trkpt>
<trkpt lat="27.847143" lon="86.778582">
	<ele>3777.60</ele>
</trkpt>
<trkpt lat="27.847433" lon="86.778560">
	<ele>3771.62</ele>
</trkpt>
<trkpt lat="27.847540" lon="86.778666">
	<ele>3776.80</ele>
</trkpt>
<trkpt lat="27.847691" lon="86.778729">
	<ele>3776.67</ele>
</trkpt>
<trkpt lat="27.847844" lon="86.778796">
	<ele>3776.00</ele>
</trkpt>
<trkpt lat="27.848051" lon="86.778828">
	<ele>3770.05</ele>
</trkpt>
<trkpt lat="27.848101" lon="86.778882">
	<ele>3772.69</ele>
</trkpt>
<trkpt lat="27.848199" lon="86.779039">
	<ele>3782.21</ele>
</trkpt>
<trkpt lat="27.848248" lon="86.779114">
	<ele>3786.29</ele>
</trkpt>
<trkpt lat="27.848418" lon="86.779190">
	<ele>3785.21</ele>
</trkpt>
<trkpt lat="27.848570" lon="86.779303">
	<ele>3785.39</ele>
</trkpt>
<trkpt lat="27.848712" lon="86.779390">
	<ele>3783.08</ele>
</trkpt>
<trkpt lat="27.848984" lon="86.779478">
	<ele>3773.65</ele>
</trkpt>
<trkpt lat="27.849082" lon="86.779450">
	<ele>3767.93</ele>
</trkpt>
<trkpt lat="27.849184" lon="86.779413">
	<ele>3763.15</ele>
</trkpt>
<trkpt lat="27.849326" lon="86.779359">
	<ele>3758.41</ele>
</trkpt>
<trkpt lat="27.849471" lon="86.779330">
	<ele>3756.59</ele>
</trkpt>
<trkpt lat="27.849613" lon="86.779287">
	<ele>3756.40</ele>
</trkpt>
<trkpt lat="27.849789" lon="86.779236">
	<ele>3759.45</ele>
</trkpt>
<trkpt lat="27.849879" lon="86.779281">
	<ele>3762.69</ele>
</trkpt>
<trkpt lat="27.849838" lon="86.779660">
	<ele>3768.99</ele>
</trkpt>
<trkpt lat="27.849876" lon="86.779971">
	<ele>3775.73</ele>
</trkpt>
<trkpt lat="27.849822" lon="86.780107">
	<ele>3777.23</ele>
</trkpt>
<trkpt lat="27.849801" lon="86.780227">
	<ele>3778.18</ele>
</trkpt>
<trkpt lat="27.849824" lon="86.780404">
	<ele>3777.82</ele>
</trkpt>
<trkpt lat="27.849924" lon="86.780561">
	<ele>3774.86</ele>
</trkpt>
<trkpt lat="27.849943" lon="86.780681">
	<ele>3774.58</ele>
</trkpt>
<trkpt lat="27.850067" lon="86.780921">
	<ele>3776.23</ele>
</trkpt>
<trkpt lat="27.850192" lon="86.781161">
	<ele>3783.15</ele>
</trkpt>
<trkpt lat="27.850234" lon="86.781175">
	<ele>3784.02</ele>
</trkpt>
<trkpt lat="27.850434" lon="86.781039">
	<ele>3788.12</ele>
</trkpt>
<trkpt lat="27.850466" lon="86.781002">
	<ele>3789.52</ele>
</trkpt>
<trkpt lat="27.850494" lon="86.780977">
	<ele>3790.98</ele>
</trkpt>
<trkpt lat="27.850510" lon="86.780943">
	<ele>3791.88</ele>
</trkpt>
<trkpt lat="27.850496" lon="86.780861">
	<ele>3791.06</ele>
</trkpt>
<trkpt lat="27.850473" lon="86.780777">
	<ele>3789.80</ele>
</trkpt>
<trkpt lat="27.850446" lon="86.780673">
	<ele>3788.56</ele>
</trkpt>
<trkpt lat="27.850417" lon="86.780542">
	<ele>3787.74</ele>
</trkpt>
<trkpt lat="27.850423" lon="86.780452">
	<ele>3788.98</ele>
</trkpt>
<trkpt lat="27.850437" lon="86.780425">
	<ele>3790.11</ele>
</trkpt>
<trkpt lat="27.850459" lon="86.780356">
	<ele>3792.21</ele>
</trkpt>
<trkpt lat="27.850532" lon="86.780109">
	<ele>3799.48</ele>
</trkpt>
<trkpt lat="27.850648" lon="86.780509">
	<ele>3803.93</ele>
</trkpt>
<trkpt lat="27.850685" lon="86.780605">
	<ele>3805.99</ele>
</trkpt>
<trkpt lat="27.850746" lon="86.780664">
	<ele>3810.17</ele>
</trkpt>
<trkpt lat="27.850811" lon="86.780711">
	<ele>3814.67</ele>
</trkpt>
<trkpt lat="27.850843" lon="86.780794">
	<ele>3816.17</ele>
</trkpt>
<trkpt lat="27.850899" lon="86.781016">
	<ele>3817.23</ele>
</trkpt>
<trkpt lat="27.850930" lon="86.781137">
	<ele>3817.45</ele>
</trkpt>
<trkpt lat="27.851020" lon="86.781224">
	<ele>3822.97</ele>
</trkpt>
<trkpt lat="27.851062" lon="86.781384">
	<ele>3823.24</ele>
</trkpt>
<trkpt lat="27.851069" lon="86.781493">
	<ele>3821.69</ele>
</trkpt>
<trkpt lat="27.851047" lon="86.781617">
	<ele>3817.67</ele>
</trkpt>
<trkpt lat="27.851021" lon="86.781703">
	<ele>3814.31</ele>
</trkpt>
<trkpt lat="27.850984" lon="86.781993">
	<ele>3807.88</ele>
</trkpt>
<trkpt lat="27.850985" lon="86.782176">
	<ele>3806.09</ele>
</trkpt>
<trkpt lat="27.851067" lon="86.782398">
	<ele>3810.72</ele>
</trkpt>
<trkpt lat="27.851136" lon="86.782678">
	<ele>3815.53</ele>
</trkpt>
<trkpt lat="27.851164" lon="86.782625">
	<ele>3818.24</ele>
</trkpt>
<trkpt lat="27.851188" lon="86.782591">
	<ele>3820.66</ele>
</trkpt>
<trkpt lat="27.851215" lon="86.782533">
	<ele>3823.61</ele>
</trkpt>
<trkpt lat="27.851267" lon="86.782561">
	<ele>3828.73</ele>
</trkpt>
<trkpt lat="27.851285" lon="86.782667">
	<ele>3830.03</ele>
</trkpt>
<trkpt lat="27.851285" lon="86.782874">
	<ele>3829.27</ele>
</trkpt>
<trkpt lat="27.851359" lon="86.783028">
	<ele>3835.78</ele>
</trkpt>
<trkpt lat="27.851368" lon="86.783264">
	<ele>3834.77</ele>
</trkpt>
<trkpt lat="27.851404" lon="86.783293">
	<ele>3837.67</ele>
</trkpt>
<trkpt lat="27.851588" lon="86.783484">
	<ele>3850.05</ele>
</trkpt>
<trkpt lat="27.851771" lon="86.783675">
	<ele>3858.94</ele>
</trkpt>
<trkpt lat="27.852030" lon="86.784008">
	<ele>3869.93</ele>
</trkpt>
<trkpt lat="27.852085" lon="86.784203">
	<ele>3868.64</ele>
</trkpt>
<trkpt lat="27.852170" lon="86.784316">
	<ele>3871.60</ele>
</trkpt>
<trkpt lat="27.852130" lon="86.784403">
	<ele>3865.16</ele>
</trkpt>
<trkpt lat="27.852282" lon="86.784480">
	<ele>3874.03</ele>
</trkpt>
<trkpt lat="27.852362" lon="86.784564">
	<ele>3876.57</ele>
</trkpt>
<trkpt lat="27.852463" lon="86.784549">
	<ele>3884.13</ele>
</trkpt>
<trkpt lat="27.852563" lon="86.784567">
	<ele>3889.57</ele>
</trkpt>
<trkpt lat="27.852619" lon="86.784563">
	<ele>3893.08</ele>
</trkpt>
<trkpt lat="27.852683" lon="86.784558">
	<ele>3897.02</ele>
</trkpt>
<trkpt lat="27.852848" lon="86.784578">
	<ele>3905.47</ele>
</trkpt>
<trkpt lat="27.852990" lon="86.784620">
	<ele>3911.39</ele>
</trkpt>
<trkpt lat="27.853074" lon="86.784650">
	<ele>3914.60</ele>
</trkpt>
<trkpt lat="27.853116" lon="86.784647">
	<ele>3916.87</ele>
</trkpt>
<trkpt lat="27.853161" lon="86.784733">
	<ele>3916.08</ele>
</trkpt>
<trkpt lat="27.853204" lon="86.784852">
	<ele>3914.57</ele>
</trkpt>
<trkpt lat="27.853439" lon="86.785109">
	<ele>3922.09</ele>
</trkpt>
<trkpt lat="27.853566" lon="86.785200">
	<ele>3927.94</ele>
</trkpt>
<trkpt lat="27.853634" lon="86.785310">
	<ele>3930.93</ele>
</trkpt>
<trkpt lat="27.853632" lon="86.785393">
	<ele>3930.72</ele>
</trkpt>
<trkpt lat="27.853616" lon="86.785434">
	<ele>3929.94</ele>
</trkpt>
<trkpt lat="27.853569" lon="86.785534">
	<ele>3927.77</ele>
</trkpt>
<trkpt lat="27.853402" lon="86.785858">
	<ele>3919.46</ele>
</trkpt>
<trkpt lat="27.853419" lon="86.785969">
	<ele>3919.96</ele>
</trkpt>
<trkpt lat="27.853420" lon="86.785973">
	<ele>3920.00</ele>
</trkpt>
<trkpt lat="27.853442" lon="86.786014">
	<ele>3921.00</ele>
</trkpt>
<trkpt lat="27.853478" lon="86.786034">
	<ele>3922.74</ele>
</trkpt>
<trkpt lat="27.853556" lon="86.786066">
	<ele>3926.45</ele>
</trkpt>
<trkpt lat="27.853684" lon="86.786118">
	<ele>3932.30</ele>
</trkpt>
<trkpt lat="27.853798" lon="86.786212">
	<ele>3937.26</ele>
</trkpt>
<trkpt lat="27.853873" lon="86.786323">
	<ele>3940.39</ele>
</trkpt>
<trkpt lat="27.853950" lon="86.786317">
	<ele>3943.64</ele>
</trkpt>
<trkpt lat="27.854063" lon="86.786376">
	<ele>3948.15</ele>
</trkpt>
<trkpt lat="27.854197" lon="86.786464">
	<ele>3953.05</ele>
</trkpt>
<trkpt lat="27.854222" lon="86.786503">
	<ele>3953.80</ele>
</trkpt>
<trkpt lat="27.854320" lon="86.786590">
	<ele>3956.50</ele>
</trkpt>
<trkpt lat="27.854392" lon="86.786538">
	<ele>3958.77</ele>
</trkpt>
<trkpt lat="27.854461" lon="86.786570">
	<ele>3960.38</ele>
</trkpt>
<trkpt lat="27.854634" lon="86.786613">
	<ele>3964.14</ele>
</trkpt>
<trkpt lat="27.854813" lon="86.786625">
	<ele>3968.21</ele>
</trkpt>
<trkpt lat="27.854808" lon="86.786892">
	<ele>3966.31</ele>
</trkpt>
<trkpt lat="27.854870" lon="86.787028">
	<ele>3967.27</ele>
</trkpt>
<trkpt lat="27.854973" lon="86.787168">
	<ele>3969.66</ele>
</trkpt>
<trkpt lat="27.855060" lon="86.787289">
	<ele>3971.90</ele>
</trkpt>
<trkpt lat="27.855159" lon="86.787598">
	<ele>3973.06</ele>
</trkpt>
<trkpt lat="27.855419" lon="86.787803">
	<ele>3977.86</ele>
</trkpt>
<trkpt lat="27.855502" lon="86.787980">
	<ele>3977.33</ele>
</trkpt>
<trkpt lat="27.855605" lon="86.788027">
	<ele>3978.59</ele>
</trkpt>
<trkpt lat="27.855704" lon="86.788219">
	<ele>3977.33</ele>
</trkpt>
<trkpt lat="27.855822" lon="86.788226">
	<ele>3979.45</ele>
</trkpt>
<trkpt lat="27.855903" lon="86.788290">
	<ele>3980.09</ele>
</trkpt>
<trkpt lat="27.856021" lon="86.788460">
	<ele>3980.00</ele>
</trkpt>
<trkpt lat="27.856089" lon="86.788541">
	<ele>3980.24</ele>
</trkpt>
<trkpt lat="27.856019" lon="86.788719">
	<ele>3976.19</ele>
</trkpt>
<trkpt lat="27.856203" lon="86.789012">
	<ele>3977.40</ele>
</trkpt>
<trkpt lat="27.856353" lon="86.789360">
	<ele>3983.21</ele>
</trkpt>
<trkpt lat="27.856329" lon="86.789485">
	<ele>3984.71</ele>
</trkpt>
<trkpt lat="27.856320" lon="86.789535">
	<ele>3985.40</ele>
</trkpt>
<trkpt lat="27.856144" lon="86.789771">
	<ele>3981.57</ele>
</trkpt>
<trkpt lat="27.856409" lon="86.789607">
	<ele>3990.74</ele>
</trkpt>
<trkpt lat="27.856676" lon="86.789482">
	<ele>3998.18</ele>
</trkpt>
<trkpt lat="27.856785" lon="86.789426">
	<ele>4000.86</ele>
</trkpt>
<trkpt lat="27.856880" lon="86.789340">
	<ele>4002.26</ele>
</trkpt>
<trkpt lat="27.856955" lon="86.789141">
	<ele>4001.47</ele>
</trkpt>
<trkpt lat="27.857018" lon="86.789024">
	<ele>4002.70</ele>
</trkpt>
<trkpt lat="27.857099" lon="86.788935">
	<ele>4004.99</ele>
</trkpt>
<trkpt lat="27.857105" lon="86.788914">
	<ele>4005.04</ele>
</trkpt>
<trkpt lat="27.857077" lon="86.788848">
	<ele>4003.61</ele>
</trkpt>
<trkpt lat="27.857091" lon="86.788804">
	<ele>4003.86</ele>
</trkpt>
<trkpt lat="27.857133" lon="86.788775">
	<ele>4005.11</ele>
</trkpt>
<trkpt lat="27.857128" lon="86.788714">
	<ele>4004.68</ele>
</trkpt>
<trkpt lat="27.857141" lon="86.788671">
	<ele>4004.93</ele>
</trkpt>
<trkpt lat="27.857129" lon="86.788614">
	<ele>4004.47</ele>
</trkpt>
<trkpt lat="27.857061" lon="86.788439">
	<ele>4003.10</ele>
</trkpt>
<trkpt lat="27.857223" lon="86.788383">
	<ele>4007.04</ele>
</trkpt>
<trkpt lat="27.857266" lon="86.788343">
	<ele>4008.26</ele>
</trkpt>
<trkpt lat="27.857380" lon="86.788283">
	<ele>4011.78</ele>
</trkpt>
<trkpt lat="27.857486" lon="86.788342">
	<ele>4015.43</ele>
</trkpt>
<trkpt lat="27.857495" lon="86.788500">
	<ele>4016.31</ele>
</trkpt>
<trkpt lat="27.857493" lon="86.788766">
	<ele>4019.09</ele>
</trkpt>
<trkpt lat="27.857594" lon="86.788884">
	<ele>4025.98</ele>
</trkpt>
<trkpt lat="27.857580" lon="86.789059">
	<ele>4028.28</ele>
</trkpt>
<trkpt lat="27.857590" lon="86.789254">
	<ele>4032.22</ele>
</trkpt>
<trkpt lat="27.857520" lon="86.789422">
	<ele>4032.52</ele>
</trkpt>
<trkpt lat="27.857476" lon="86.789551">
	<ele>4033.84</ele>
</trkpt>
<trkpt lat="27.857398" lon="86.789830">
	<ele>4037.52</ele>
</trkpt>
<trkpt lat="27.857381" lon="86.789963">
	<ele>4039.20</ele>
</trkpt>
<trkpt lat="27.857355" lon="86.790063">
	<ele>4039.29</ele>
</trkpt>
<trkpt lat="27.857426" lon="86.790343">
	<ele>4042.61</ele>
</trkpt>
<trkpt lat="27.857497" lon="86.790622">
	<ele>4043.67</ele>
</trkpt>
<trkpt lat="27.857464" lon="86.790673">
	<ele>4042.19</ele>
</trkpt>
<trkpt lat="27.857524" lon="86.790725">
	<ele>4043.71</ele>
</trkpt>
<trkpt lat="27.857546" lon="86.790815">
	<ele>4043.59</ele>
</trkpt>
<trkpt lat="27.857510" lon="86.790963">
	<ele>4041.11</ele>
</trkpt>
<trkpt lat="27.857436" lon="86.791122">
	<ele>4037.08</ele>
</trkpt>
<trkpt lat="27.857391" lon="86.791346">
	<ele>4032.46</ele>
</trkpt>
<trkpt lat="27.857300" lon="86.791451">
	<ele>4027.17</ele>
</trkpt>
<trkpt lat="27.857255" lon="86.791624">
	<ele>4021.46</ele>
</trkpt>
<trkpt lat="27.857243" lon="86.791684">
	<ele>4019.35</ele>
</trkpt>
<trkpt lat="27.857240" lon="86.791737">
	<ele>4017.63</ele>
</trkpt>
<trkpt lat="27.857351" lon="86.791825">
	<ele>4018.90</ele>
</trkpt>
<trkpt lat="27.857544" lon="86.791861">
	<ele>4023.43</ele>
</trkpt>
<trkpt lat="27.857781" lon="86.791882">
	<ele>4026.92</ele>
</trkpt>
<trkpt lat="27.857863" lon="86.791880">
	<ele>4027.95</ele>
</trkpt>
<trkpt lat="27.857937" lon="86.791912">
	<ele>4027.18</ele>
</trkpt>
<trkpt lat="27.858130" lon="86.791891">
	<ele>4029.41</ele>
</trkpt>
<trkpt lat="27.858151" lon="86.792020">
	<ele>4023.18</ele>
</trkpt>
<trkpt lat="27.858147" lon="86.792136">
	<ele>4017.27</ele>
</trkpt>
<trkpt lat="27.858186" lon="86.792232">
	<ele>4012.70</ele>
</trkpt>
<trkpt lat="27.857994" lon="86.792545">
	<ele>3999.27</ele>
</trkpt>
<trkpt lat="27.858055" lon="86.792673">
	<ele>3996.13</ele>
</trkpt>
<trkpt lat="27.858228" lon="86.792629">
	<ele>3998.69</ele>
</trkpt>
<trkpt lat="27.858445" lon="86.792614">
	<ele>4001.43</ele>
</trkpt>
<trkpt lat="27.858489" lon="86.792728">
	<ele>4000.31</ele>
</trkpt>
<trkpt lat="27.858339" lon="86.792948">
	<ele>3995.58</ele>
</trkpt>
<trkpt lat="27.858189" lon="86.793168">
	<ele>3990.00</ele>
</trkpt>
<trkpt lat="27.857992" lon="86.793404">
	<ele>3981.94</ele>
</trkpt>
<trkpt lat="27.857684" lon="86.793699">
	<ele>3972.18</ele>
</trkpt>
<trkpt lat="27.857379" lon="86.793863">
	<ele>3964.44</ele>
</trkpt>
<trkpt lat="27.857285" lon="86.793759">
	<ele>3963.66</ele>
</trkpt>
<trkpt lat="27.857209" lon="86.793699">
	<ele>3962.92</ele>
</trkpt>
<trkpt lat="27.857140" lon="86.793702">
	<ele>3961.89</ele>
</trkpt>
<trkpt lat="27.857094" lon="86.793624">
	<ele>3961.79</ele>
</trkpt>
<trkpt lat="27.857066" lon="86.793607">
	<ele>3961.51</ele>
</trkpt>
<trkpt lat="27.857094" lon="86.793624">
	<ele>3961.79</ele>
</trkpt>
<trkpt lat="27.857140" lon="86.793702">
	<ele>3961.89</ele>
</trkpt>
<trkpt lat="27.857209" lon="86.793699">
	<ele>3962.92</ele>
</trkpt>
<trkpt lat="27.857285" lon="86.793759">
	<ele>3963.66</ele>
</trkpt>
<trkpt lat="27.857379" lon="86.793863">
	<ele>3964.44</ele>
</trkpt>
<trkpt lat="27.857519" lon="86.793895">
	<ele>3966.99</ele>
</trkpt>
<trkpt lat="27.857558" lon="86.793945">
	<ele>3967.35</ele>
</trkpt>
<trkpt lat="27.857692" lon="86.794075">
	<ele>3968.57</ele>
</trkpt>
<trkpt lat="27.857836" lon="86.794121">
	<ele>3971.20</ele>
</trkpt>
<trkpt lat="27.857891" lon="86.794201">
	<ele>3970.47</ele>
</trkpt>
<trkpt lat="27.857981" lon="86.794307">
	<ele>3969.09</ele>
</trkpt>
<trkpt lat="27.858097" lon="86.794334">
	<ele>3970.97</ele>
</trkpt>
<trkpt lat="27.858394" lon="86.794562">
	<ele>3967.70</ele>
</trkpt>
<trkpt lat="27.858530" lon="86.794594">
	<ele>3969.52</ele>
</trkpt>
<trkpt lat="27.858610" lon="86.794602">
	<ele>3971.19</ele>
</trkpt>
<trkpt lat="27.858704" lon="86.794636">
	<ele>3971.92</ele>
</trkpt>
<trkpt lat="27.858818" lon="86.794633">
	<ele>3975.17</ele>
</trkpt>
<trkpt lat="27.858883" lon="86.794696">
	<ele>3973.71</ele>
</trkpt>
<trkpt lat="27.859115" lon="86.794752">
	<ele>3977.41</ele>
</trkpt>
<trkpt lat="27.859161" lon="86.794763">
	<ele>3978.17</ele>
</trkpt>
<trkpt lat="27.859199" lon="86.794825">
	<ele>3976.04</ele>
</trkpt>
<trkpt lat="27.859329" lon="86.794915">
	<ele>3974.87</ele>
</trkpt>
<trkpt lat="27.859568" lon="86.795054">
	<ele>3973.83</ele>
</trkpt>
<trkpt lat="27.859777" lon="86.795004">
	<ele>3982.94</ele>
</trkpt>
<trkpt lat="27.859868" lon="86.795002">
	<ele>3986.33</ele>
</trkpt>
<trkpt lat="27.859977" lon="86.795062">
	<ele>3987.69</ele>
</trkpt>
<trkpt lat="27.860156" lon="86.795248">
	<ele>3986.37</ele>
</trkpt>
<trkpt lat="27.860363" lon="86.795345">
	<ele>3993.85</ele>
</trkpt>
<trkpt lat="27.860550" lon="86.795473">
	<ele>3999.56</ele>
</trkpt>
<trkpt lat="27.860756" lon="86.795725">
	<ele>3999.39</ele>
</trkpt>
<trkpt lat="27.860883" lon="86.796162">
	<ele>3978.42</ele>
</trkpt>
<trkpt lat="27.860994" lon="86.796260">
	<ele>3977.95</ele>
</trkpt>
<trkpt lat="27.861113" lon="86.796309">
	<ele>3981.95</ele>
</trkpt>
<trkpt lat="27.861437" lon="86.796552">
	<ele>3987.84</ele>
</trkpt>
<trkpt lat="27.861660" lon="86.796862">
	<ele>3985.90</ele>
</trkpt>
<trkpt lat="27.861748" lon="86.797019">
	<ele>3983.61</ele>
</trkpt>
<trkpt lat="27.861835" lon="86.797154">
	<ele>3983.24</ele>
</trkpt>
<trkpt lat="27.862021" lon="86.797323">
	<ele>3990.63</ele>
</trkpt>
<trkpt lat="27.861991" lon="86.797676">
	<ele>3973.24</ele>
</trkpt>
<trkpt lat="27.862050" lon="86.797790">
	<ele>3973.30</ele>
</trkpt>
<trkpt lat="27.862190" lon="86.797856">
	<ele>3982.01</ele>
</trkpt>
<trkpt lat="27.862142" lon="86.798073">
	<ele>3969.00</ele>
</trkpt>
<trkpt lat="27.862290" lon="86.798172">
	<ele>3976.13</ele>
</trkpt>
<trkpt lat="27.862367" lon="86.798326">
	<ele>3975.38</ele>
</trkpt>
<trkpt lat="27.862430" lon="86.798429">
	<ele>3975.29</ele>
</trkpt>
<trkpt lat="27.862532" lon="86.798658">
	<ele>3970.81</ele>
</trkpt>
<trkpt lat="27.862865" lon="86.798977">
	<ele>3979.29</ele>
</trkpt>
<trkpt lat="27.862946" lon="86.799291">
	<ele>3972.82</ele>
</trkpt>
<trkpt lat="27.863075" lon="86.799422">
	<ele>3976.13</ele>
</trkpt>
<trkpt lat="27.863203" lon="86.799425">
	<ele>3984.21</ele>
</trkpt>
<trkpt lat="27.863380" lon="86.799588">
	<ele>3985.46</ele>
</trkpt>
<trkpt lat="27.863517" lon="86.799819">
	<ele>3981.76</ele>
</trkpt>
<trkpt lat="27.863628" lon="86.800006">
	<ele>3981.75</ele>
</trkpt>
<trkpt lat="27.863737" lon="86.800331">
	<ele>3977.81</ele>
</trkpt>
<trkpt lat="27.863910" lon="86.800646">
	<ele>3978.14</ele>
</trkpt>
<trkpt lat="27.864110" lon="86.800809">
	<ele>3983.93</ele>
</trkpt>
<trkpt lat="27.864368" lon="86.800932">
	<ele>3993.53</ele>
</trkpt>
<trkpt lat="27.864607" lon="86.800921">
	<ele>4009.28</ele>
</trkpt>
<trkpt lat="27.864695" lon="86.801270">
	<ele>3993.46</ele>
</trkpt>
<trkpt lat="27.864811" lon="86.801447">
	<ele>3987.75</ele>
</trkpt>
<trkpt lat="27.864812" lon="86.801449">
	<ele>3987.67</ele>
</trkpt>
<trkpt lat="27.864962" lon="86.801680">
	<ele>3982.91</ele>
</trkpt>
<trkpt lat="27.865152" lon="86.801841">
	<ele>3987.30</ele>
</trkpt>
<trkpt lat="27.865342" lon="86.802002">
	<ele>3993.87</ele>
</trkpt>
<trkpt lat="27.865696" lon="86.802246">
	<ele>4003.85</ele>
</trkpt>
<trkpt lat="27.865869" lon="86.802423">
	<ele>4003.15</ele>
</trkpt>
<trkpt lat="27.865991" lon="86.802526">
	<ele>4005.41</ele>
</trkpt>
<trkpt lat="27.866096" lon="86.802670">
	<ele>4006.52</ele>
</trkpt>
<trkpt lat="27.866255" lon="86.802773">
	<ele>4014.17</ele>
</trkpt>
<trkpt lat="27.866257" lon="86.802814">
	<ele>4012.92</ele>
</trkpt>
<trkpt lat="27.866306" lon="86.802872">
	<ele>4014.68</ele>
</trkpt>
<trkpt lat="27.866432" lon="86.802922">
	<ele>4022.60</ele>
</trkpt>
<trkpt lat="27.866552" lon="86.803079">
	<ele>4026.37</ele>
</trkpt>
<trkpt lat="27.866698" lon="86.803274">
	<ele>4029.64</ele>
</trkpt>
<trkpt lat="27.866776" lon="86.803328">
	<ele>4032.69</ele>
</trkpt>
<trkpt lat="27.866878" lon="86.803476">
	<ele>4034.16</ele>
</trkpt>
<trkpt lat="27.866948" lon="86.803686">
	<ele>4031.48</ele>
</trkpt>
<trkpt lat="27.867064" lon="86.803800">
	<ele>4035.40</ele>
</trkpt>
<trkpt lat="27.867090" lon="86.803921">
	<ele>4033.62</ele>
</trkpt>
<trkpt lat="27.867101" lon="86.804029">
	<ele>4031.68</ele>
</trkpt>
<trkpt lat="27.867166" lon="86.804145">
	<ele>4033.87</ele>
</trkpt>
<trkpt lat="27.867199" lon="86.804250">
	<ele>4034.75</ele>
</trkpt>
<trkpt lat="27.867271" lon="86.804299">
	<ele>4039.33</ele>
</trkpt>
<trkpt lat="27.867338" lon="86.804379">
	<ele>4043.41</ele>
</trkpt>
<trkpt lat="27.867387" lon="86.804445">
	<ele>4046.36</ele>
</trkpt>
<trkpt lat="27.867509" lon="86.804637">
	<ele>4053.13</ele>
</trkpt>
<trkpt lat="27.867540" lon="86.804619">
	<ele>4054.94</ele>
</trkpt>
<trkpt lat="27.867583" lon="86.804664">
	<ele>4057.11</ele>
</trkpt>
<trkpt lat="27.867636" lon="86.804757">
	<ele>4059.44</ele>
</trkpt>
<trkpt lat="27.867631" lon="86.804821">
	<ele>4058.86</ele>
</trkpt>
<trkpt lat="27.867603" lon="86.804878">
	<ele>4057.26</ele>
</trkpt>
<trkpt lat="27.867598" lon="86.804891">
	<ele>4056.97</ele>
</trkpt>
<trkpt lat="27.867629" lon="86.804948">
	<ele>4058.24</ele>
</trkpt>
<trkpt lat="27.867669" lon="86.805011">
	<ele>4059.82</ele>
</trkpt>
<trkpt lat="27.867741" lon="86.805084">
	<ele>4062.78</ele>
</trkpt>
<trkpt lat="27.867818" lon="86.805204">
	<ele>4066.01</ele>
</trkpt>
<trkpt lat="27.867830" lon="86.805340">
	<ele>4066.90</ele>
</trkpt>
<trkpt lat="27.867782" lon="86.805524">
	<ele>4065.90</ele>
</trkpt>
<trkpt lat="27.867739" lon="86.805605">
	<ele>4064.52</ele>
</trkpt>
<trkpt lat="27.867727" lon="86.805660">
	<ele>4064.22</ele>
</trkpt>
<trkpt lat="27.867740" lon="86.805739">
	<ele>4064.94</ele>
</trkpt>
<trkpt lat="27.867815" lon="86.805808">
	<ele>4068.17</ele>
</trkpt>
<trkpt lat="27.867886" lon="86.805898">
	<ele>4071.19</ele>
</trkpt>
<trkpt lat="27.867926" lon="86.805920">
	<ele>4072.95</ele>
</trkpt>
<trkpt lat="27.867954" lon="86.806012">
	<ele>4074.32</ele>
</trkpt>
<trkpt lat="27.867880" lon="86.806053">
	<ele>4070.85</ele>
</trkpt>
<trkpt lat="27.867962" lon="86.806280">
	<ele>4075.10</ele>
</trkpt>
<trkpt lat="27.867974" lon="86.806466">
	<ele>4075.88</ele>
</trkpt>
<trkpt lat="27.867992" lon="86.806607">
	<ele>4076.89</ele>
</trkpt>
<trkpt lat="27.868106" lon="86.806695">
	<ele>4084.29</ele>
</trkpt>
<trkpt lat="27.868119" lon="86.806735">
	<ele>4085.07</ele>
</trkpt>
<trkpt lat="27.868081" lon="86.806954">
	<ele>4081.57</ele>
</trkpt>
<trkpt lat="27.868066" lon="86.807160">
	<ele>4079.03</ele>
</trkpt>
<trkpt lat="27.868055" lon="86.807291">
	<ele>4077.10</ele>
</trkpt>
<trkpt lat="27.868067" lon="86.807389">
	<ele>4077.08</ele>
</trkpt>
<trkpt lat="27.868080" lon="86.807457">
	<ele>4077.41</ele>
</trkpt>
<trkpt lat="27.868016" lon="86.807576">
	<ele>4071.45</ele>
</trkpt>
<trkpt lat="27.868026" lon="86.807668">
	<ele>4071.19</ele>
</trkpt>
<trkpt lat="27.868019" lon="86.807726">
	<ele>4069.98</ele>
</trkpt>
<trkpt lat="27.868016" lon="86.807853">
	<ele>4068.20</ele>
</trkpt>
<trkpt lat="27.868086" lon="86.807958">
	<ele>4072.23</ele>
</trkpt>
<trkpt lat="27.868125" lon="86.808096">
	<ele>4073.38</ele>
</trkpt>
<trkpt lat="27.868173" lon="86.808173">
	<ele>4075.87</ele>
</trkpt>
<trkpt lat="27.868220" lon="86.808223">
	<ele>4078.49</ele>
</trkpt>
<trkpt lat="27.868245" lon="86.808293">
	<ele>4079.21</ele>
</trkpt>
<trkpt lat="27.868240" lon="86.808410">
	<ele>4077.32</ele>
</trkpt>
<trkpt lat="27.868247" lon="86.808494">
	<ele>4076.66</ele>
</trkpt>
<trkpt lat="27.868227" lon="86.808579">
	<ele>4074.24</ele>
</trkpt>
<trkpt lat="27.868244" lon="86.808660">
	<ele>4074.23</ele>
</trkpt>
<trkpt lat="27.868237" lon="86.808783">
	<ele>4072.06</ele>
</trkpt>
<trkpt lat="27.868262" lon="86.808869">
	<ele>4072.31</ele>
</trkpt>
<trkpt lat="27.868359" lon="86.808923">
	<ele>4076.84</ele>
</trkpt>
<trkpt lat="27.868386" lon="86.808955">
	<ele>4077.73</ele>
</trkpt>
<trkpt lat="27.868362" lon="86.808694">
	<ele>4080.55</ele>
</trkpt>
<trkpt lat="27.868370" lon="86.808518">
	<ele>4083.46</ele>
</trkpt>
<trkpt lat="27.868367" lon="86.808223">
	<ele>4087.37</ele>
</trkpt>
<trkpt lat="27.868313" lon="86.808011">
	<ele>4087.19</ele>
</trkpt>
<trkpt lat="27.868367" lon="86.808223">
	<ele>4087.37</ele>
</trkpt>
<trkpt lat="27.868370" lon="86.808518">
	<ele>4083.46</ele>
</trkpt>
<trkpt lat="27.868362" lon="86.808694">
	<ele>4080.55</ele>
</trkpt>
<trkpt lat="27.868386" lon="86.808955">
	<ele>4077.73</ele>
</trkpt>
<trkpt lat="27.868415" lon="86.809025">
	<ele>4078.03</ele>
</trkpt>
<trkpt lat="27.868433" lon="86.809103">
	<ele>4077.50</ele>
</trkpt>
<trkpt lat="27.868447" lon="86.809162">
	<ele>4077.05</ele>
</trkpt>
<trkpt lat="27.868476" lon="86.809201">
	<ele>4077.77</ele>
</trkpt>
<trkpt lat="27.868497" lon="86.809289">
	<ele>4076.81</ele>
</trkpt>
<trkpt lat="27.868538" lon="86.809343">
	<ele>4077.68</ele>
</trkpt>
<trkpt lat="27.868566" lon="86.809399">
	<ele>4077.75</ele>
</trkpt>
<trkpt lat="27.868557" lon="86.809464">
	<ele>4075.43</ele>
</trkpt>
<trkpt lat="27.868603" lon="86.809526">
	<ele>4076.31</ele>
</trkpt>
<trkpt lat="27.868612" lon="86.809598">
	<ele>4074.76</ele>
</trkpt>
<trkpt lat="27.868704" lon="86.809640">
	<ele>4079.10</ele>
</trkpt>
<trkpt lat="27.868741" lon="86.809711">
	<ele>4079.40</ele>
</trkpt>
<trkpt lat="27.868806" lon="86.809767">
	<ele>4081.93</ele>
</trkpt>
<trkpt lat="27.868845" lon="86.809840">
	<ele>4082.45</ele>
</trkpt>
<trkpt lat="27.868868" lon="86.809854">
	<ele>4083.54</ele>
</trkpt>
<trkpt lat="27.868956" lon="86.810017">
	<ele>4084.93</ele>
</trkpt>
<trkpt lat="27.869000" lon="86.810282">
	<ele>4080.61</ele>
</trkpt>
<trkpt lat="27.869050" lon="86.810395">
	<ele>4080.29</ele>
</trkpt>
<trkpt lat="27.869237" lon="86.810576">
	<ele>4083.92</ele>
</trkpt>
<trkpt lat="27.869528" lon="86.810827">
	<ele>4088.87</ele>
</trkpt>
<trkpt lat="27.869729" lon="86.811064">
	<ele>4090.99</ele>
</trkpt>
<trkpt lat="27.869957" lon="86.811291">
	<ele>4094.30</ele>
</trkpt>
<trkpt lat="27.870220" lon="86.811489">
	<ele>4096.88</ele>
</trkpt>
<trkpt lat="27.870417" lon="86.811581">
	<ele>4098.76</ele>
</trkpt>
<trkpt lat="27.870554" lon="86.811642">
	<ele>4099.79</ele>
</trkpt>
<trkpt lat="27.870665" lon="86.811805">
	<ele>4097.69</ele>
</trkpt>
<trkpt lat="27.870906" lon="86.811942">
	<ele>4098.51</ele>
</trkpt>
<trkpt lat="27.871117" lon="86.812092">
	<ele>4097.89</ele>
</trkpt>
<trkpt lat="27.871327" lon="86.812243">
	<ele>4097.28</ele>
</trkpt>
<trkpt lat="27.871603" lon="86.812395">
	<ele>4098.18</ele>
</trkpt>
<trkpt lat="27.871878" lon="86.812547">
	<ele>4099.69</ele>
</trkpt>
<trkpt lat="27.872075" lon="86.812614">
	<ele>4101.66</ele>
</trkpt>
<trkpt lat="27.872264" lon="86.812640">
	<ele>4104.49</ele>
</trkpt>
<trkpt lat="27.872619" lon="86.812803">
	<ele>4106.48</ele>
</trkpt>
<trkpt lat="27.872927" lon="86.812831">
	<ele>4111.49</ele>
</trkpt>
<trkpt lat="27.873236" lon="86.812859">
	<ele>4116.18</ele>
</trkpt>
<trkpt lat="27.873544" lon="86.812800">
	<ele>4122.70</ele>
</trkpt>
<trkpt lat="27.873794" lon="86.812832">
	<ele>4125.00</ele>
</trkpt>
<trkpt lat="27.874086" lon="86.812849">
	<ele>4128.11</ele>
</trkpt>
<trkpt lat="27.874255" lon="86.812951">
	<ele>4127.20</ele>
</trkpt>
<trkpt lat="27.874564" lon="86.812914">
	<ele>4131.59</ele>
</trkpt>
<trkpt lat="27.874704" lon="86.812953">
	<ele>4132.01</ele>
</trkpt>
<trkpt lat="27.875046" lon="86.813067">
	<ele>4133.38</ele>
</trkpt>
<trkpt lat="27.875280" lon="86.813229">
	<ele>4132.70</ele>
</trkpt>
<trkpt lat="27.875504" lon="86.813231">
	<ele>4136.64</ele>
</trkpt>
<trkpt lat="27.875647" lon="86.813329">
	<ele>4136.42</ele>
</trkpt>
<trkpt lat="27.875888" lon="86.813389">
	<ele>4139.41</ele>
</trkpt>
<trkpt lat="27.876240" lon="86.813451">
	<ele>4145.60</ele>
</trkpt>
<trkpt lat="27.876514" lon="86.813638">
	<ele>4148.19</ele>
</trkpt>
<trkpt lat="27.876674" lon="86.813798">
	<ele>4149.35</ele>
</trkpt>
<trkpt lat="27.876902" lon="86.813832">
	<ele>4155.37</ele>
</trkpt>
<trkpt lat="27.877012" lon="86.814022">
	<ele>4154.70</ele>
</trkpt>
<trkpt lat="27.877225" lon="86.814113">
	<ele>4158.38</ele>
</trkpt>
<trkpt lat="27.877462" lon="86.813974">
	<ele>4167.46</ele>
</trkpt>
<trkpt lat="27.877678" lon="86.814020">
	<ele>4169.94</ele>
</trkpt>
<trkpt lat="27.877932" lon="86.813918">
	<ele>4175.54</ele>
</trkpt>
<trkpt lat="27.878076" lon="86.813819">
	<ele>4180.17</ele>
</trkpt>
<trkpt lat="27.878169" lon="86.813725">
	<ele>4184.49</ele>
</trkpt>
<trkpt lat="27.878276" lon="86.813676">
	<ele>4188.04</ele>
</trkpt>
<trkpt lat="27.878354" lon="86.813642">
	<ele>4190.84</ele>
</trkpt>
<trkpt lat="27.878399" lon="86.813698">
	<ele>4189.94</ele>
</trkpt>
<trkpt lat="27.878655" lon="86.813794">
	<ele>4192.78</ele>
</trkpt>
<trkpt lat="27.879020" lon="86.813932">
	<ele>4196.35</ele>
</trkpt>
<trkpt lat="27.879377" lon="86.814174">
	<ele>4194.80</ele>
</trkpt>
<trkpt lat="27.879530" lon="86.814251">
	<ele>4195.96</ele>
</trkpt>
<trkpt lat="27.879736" lon="86.814279">
	<ele>4200.32</ele>
</trkpt>
<trkpt lat="27.879903" lon="86.814241">
	<ele>4205.18</ele>
</trkpt>
<trkpt lat="27.880032" lon="86.814234">
	<ele>4207.43</ele>
</trkpt>
<trkpt lat="27.880128" lon="86.814428">
	<ele>4202.79</ele>
</trkpt>
<trkpt lat="27.880171" lon="86.814542">
	<ele>4199.98</ele>
</trkpt>
<trkpt lat="27.880169" lon="86.814654">
	<ele>4196.88</ele>
</trkpt>
<trkpt lat="27.880144" lon="86.814806">
	<ele>4192.40</ele>
</trkpt>
<trkpt lat="27.880129" lon="86.814916">
	<ele>4189.19</ele>
</trkpt>
<trkpt lat="27.880060" lon="86.815010">
	<ele>4185.20</ele>
</trkpt>
<trkpt lat="27.880012" lon="86.815124">
	<ele>4180.82</ele>
</trkpt>
<trkpt lat="27.879993" lon="86.815211">
	<ele>4177.82</ele>
</trkpt>
<trkpt lat="27.880049" lon="86.815303">
	<ele>4176.99</ele>
</trkpt>
<trkpt lat="27.880091" lon="86.815382">
	<ele>4176.30</ele>
</trkpt>
<trkpt lat="27.880094" lon="86.815505">
	<ele>4173.38</ele>
</trkpt>
<trkpt lat="27.880146" lon="86.815668">
	<ele>4171.69</ele>
</trkpt>
<trkpt lat="27.880177" lon="86.815867">
	<ele>4168.74</ele>
</trkpt>
<trkpt lat="27.880318" lon="86.816092">
	<ele>4169.75</ele>
</trkpt>
<trkpt lat="27.880413" lon="86.816257">
	<ele>4169.53</ele>
</trkpt>
<trkpt lat="27.880464" lon="86.816465">
	<ele>4165.95</ele>
</trkpt>
<trkpt lat="27.880528" lon="86.816700">
	<ele>4163.62</ele>
</trkpt>
<trkpt lat="27.880548" lon="86.816814">
	<ele>4162.60</ele>
</trkpt>
<trkpt lat="27.880559" lon="86.817042">
	<ele>4160.08</ele>
</trkpt>
<trkpt lat="27.880550" lon="86.817170">
	<ele>4158.86</ele>
</trkpt>
<trkpt lat="27.880549" lon="86.817174">
	<ele>4158.81</ele>
</trkpt>
<trkpt lat="27.880530" lon="86.817200">
	<ele>4158.26</ele>
</trkpt>
<trkpt lat="27.880675" lon="86.817245">
	<ele>4161.26</ele>
</trkpt>
<trkpt lat="27.880779" lon="86.817327">
	<ele>4162.94</ele>
</trkpt>
<trkpt lat="27.880798" lon="86.817426">
	<ele>4163.11</ele>
</trkpt>
<trkpt lat="27.880734" lon="86.817472">
	<ele>4162.24</ele>
</trkpt>
<trkpt lat="27.880596" lon="86.817577">
	<ele>4161.06</ele>
</trkpt>
<trkpt lat="27.880470" lon="86.817628">
	<ele>4159.70</ele>
</trkpt>
<trkpt lat="27.880422" lon="86.817690">
	<ele>4160.04</ele>
</trkpt>
<trkpt lat="27.880420" lon="86.817792">
	<ele>4162.25</ele>
</trkpt>
<trkpt lat="27.880522" lon="86.818032">
	<ele>4171.62</ele>
</trkpt>
<trkpt lat="27.880559" lon="86.818138">
	<ele>4175.95</ele>
</trkpt>
<trkpt lat="27.880678" lon="86.818287">
	<ele>4184.09</ele>
</trkpt>
<trkpt lat="27.880877" lon="86.818708">
	<ele>4195.07</ele>
</trkpt>
<trkpt lat="27.881076" lon="86.819129">
	<ele>4207.12</ele>
</trkpt>
<trkpt lat="27.881275" lon="86.819551">
	<ele>4219.27</ele>
</trkpt>
<trkpt lat="27.881394" lon="86.819865">
	<ele>4223.35</ele>
</trkpt>
<trkpt lat="27.881579" lon="86.820151">
	<ele>4234.03</ele>
</trkpt>
<trkpt lat="27.881598" lon="86.820339">
	<ele>4235.75</ele>
</trkpt>
<trkpt lat="27.881700" lon="86.820545">
	<ele>4241.91</ele>
</trkpt>
<trkpt lat="27.881648" lon="86.820766">
	<ele>4238.66</ele>
</trkpt>
<trkpt lat="27.881698" lon="86.820995">
	<ele>4238.02</ele>
</trkpt>
<trkpt lat="27.881657" lon="86.821150">
	<ele>4233.06</ele>
</trkpt>
<trkpt lat="27.881796" lon="86.821386">
	<ele>4232.29</ele>
</trkpt>
<trkpt lat="27.881851" lon="86.821526">
	<ele>4230.74</ele>
</trkpt>
<trkpt lat="27.882011" lon="86.821756">
	<ele>4232.61</ele>
</trkpt>
<trkpt lat="27.882172" lon="86.821833">
	<ele>4238.99</ele>
</trkpt>
<trkpt lat="27.882330" lon="86.821890">
	<ele>4245.51</ele>
</trkpt>
<trkpt lat="27.882460" lon="86.821979">
	<ele>4248.77</ele>
</trkpt>
<trkpt lat="27.882618" lon="86.822015">
	<ele>4253.06</ele>
</trkpt>
<trkpt lat="27.882968" lon="86.822257">
	<ele>4254.88</ele>
</trkpt>
<trkpt lat="27.883176" lon="86.822345">
	<ele>4256.77</ele>
</trkpt>
<trkpt lat="27.883304" lon="86.822466">
	<ele>4256.15</ele>
</trkpt>
<trkpt lat="27.883541" lon="86.822556">
	<ele>4259.11</ele>
</trkpt>
<trkpt lat="27.883697" lon="86.822746">
	<ele>4259.60</ele>
</trkpt>
<trkpt lat="27.883774" lon="86.822841">
	<ele>4260.13</ele>
</trkpt>
<trkpt lat="27.883852" lon="86.822937">
	<ele>4260.62</ele>
</trkpt>
<trkpt lat="27.884122" lon="86.823056">
	<ele>4263.27</ele>
</trkpt>
<trkpt lat="27.884321" lon="86.823319">
	<ele>4263.39</ele>
</trkpt>
<trkpt lat="27.884548" lon="86.823640">
	<ele>4264.72</ele>
</trkpt>
<trkpt lat="27.884634" lon="86.823888">
	<ele>4265.62</ele>
</trkpt>
<trkpt lat="27.884682" lon="86.824051">
	<ele>4265.36</ele>
</trkpt>
<trkpt lat="27.884850" lon="86.824215">
	<ele>4265.95</ele>
</trkpt>
<trkpt lat="27.884895" lon="86.824357">
	<ele>4263.55</ele>
</trkpt>
<trkpt lat="27.885191" lon="86.824582">
	<ele>4266.57</ele>
</trkpt>
<trkpt lat="27.885237" lon="86.824614">
	<ele>4267.59</ele>
</trkpt>
<trkpt lat="27.885612" lon="86.824870">
	<ele>4279.22</ele>
</trkpt>
<trkpt lat="27.885986" lon="86.825126">
	<ele>4285.08</ele>
</trkpt>
<trkpt lat="27.886361" lon="86.825382">
	<ele>4283.27</ele>
</trkpt>
<trkpt lat="27.886582" lon="86.825644">
	<ele>4280.95</ele>
</trkpt>
<trkpt lat="27.886897" lon="86.825770">
	<ele>4286.29</ele>
</trkpt>
<trkpt lat="27.887212" lon="86.825896">
	<ele>4290.30</ele>
</trkpt>
<trkpt lat="27.887329" lon="86.825963">
	<ele>4290.53</ele>
</trkpt>
<trkpt lat="27.887560" lon="86.826065">
	<ele>4290.83</ele>
</trkpt>
<trkpt lat="27.887868" lon="86.826059">
	<ele>4292.61</ele>
</trkpt>
<trkpt lat="27.887901" lon="86.826059">
	<ele>4292.65</ele>
</trkpt>
<trkpt lat="27.888063" lon="86.826243">
	<ele>4289.05</ele>
</trkpt>
<trkpt lat="27.888319" lon="86.826350">
	<ele>4289.18</ele>
</trkpt>
<trkpt lat="27.888575" lon="86.826457">
	<ele>4290.56</ele>
</trkpt>
<trkpt lat="27.888702" lon="86.826565">
	<ele>4290.66</ele>
</trkpt>
<trkpt lat="27.888850" lon="86.826702">
	<ele>4290.96</ele>
</trkpt>
<trkpt lat="27.889148" lon="86.826955">
	<ele>4293.88</ele>
</trkpt>
<trkpt lat="27.889301" lon="86.827135">
	<ele>4295.97</ele>
</trkpt>
<trkpt lat="27.889398" lon="86.827224">
	<ele>4296.97</ele>
</trkpt>
<trkpt lat="27.889436" lon="86.826986">
	<ele>4297.12</ele>
</trkpt>
<trkpt lat="27.889554" lon="86.826686">
	<ele>4299.68</ele>
</trkpt>
<trkpt lat="27.889912" lon="86.826664">
	<ele>4304.74</ele>
</trkpt>
<trkpt lat="27.890071" lon="86.826418">
	<ele>4311.30</ele>
</trkpt>
<trkpt lat="27.890001" lon="86.826397">
	<ele>4310.63</ele>
</trkpt>
<trkpt lat="27.889702" lon="86.826170">
	<ele>4310.45</ele>
</trkpt>
<trkpt lat="27.889841" lon="86.826171">
	<ele>4312.76</ele>
</trkpt>
<trkpt lat="27.890128" lon="86.826152">
	<ele>4317.76</ele>
</trkpt>
<trkpt lat="27.890507" lon="86.825997">
	<ele>4326.21</ele>
</trkpt>
<trkpt lat="27.890744" lon="86.825820">
	<ele>4333.26</ele>
</trkpt>
<trkpt lat="27.890979" lon="86.825812">
	<ele>4339.06</ele>
</trkpt>
<trkpt lat="27.891235" lon="86.825822">
	<ele>4346.74</ele>
</trkpt>
<trkpt lat="27.891418" lon="86.825906">
	<ele>4351.56</ele>
</trkpt>
<trkpt lat="27.891420" lon="86.825789">
	<ele>4353.38</ele>
</trkpt>
<trkpt lat="27.891376" lon="86.825692">
	<ele>4353.13</ele>
</trkpt>
<trkpt lat="27.891502" lon="86.825574">
	<ele>4358.48</ele>
</trkpt>
<trkpt lat="27.891646" lon="86.825532">
	<ele>4363.29</ele>
</trkpt>
<trkpt lat="27.891846" lon="86.825447">
	<ele>4369.78</ele>
</trkpt>
<trkpt lat="27.892052" lon="86.825199">
	<ele>4375.72</ele>
</trkpt>
<trkpt lat="27.892333" lon="86.825094">
	<ele>4381.77</ele>
</trkpt>
<trkpt lat="27.892583" lon="86.825044">
	<ele>4385.49</ele>
</trkpt>
<trkpt lat="27.892834" lon="86.824994">
	<ele>4387.46</ele>
</trkpt>
<trkpt lat="27.893170" lon="86.824909">
	<ele>4389.33</ele>
</trkpt>
<trkpt lat="27.893506" lon="86.824824">
	<ele>4392.01</ele>
</trkpt>
<trkpt lat="27.893842" lon="86.824739">
	<ele>4393.88</ele>
</trkpt>
<trkpt lat="27.894223" lon="86.824621">
	<ele>4394.87</ele>
</trkpt>
<trkpt lat="27.894605" lon="86.824502">
	<ele>4397.23</ele>
</trkpt>
<trkpt lat="27.894986" lon="86.824383">
	<ele>4400.27</ele>
</trkpt>
<trkpt lat="27.895368" lon="86.824265">
	<ele>4402.48</ele>
</trkpt>
<trkpt lat="27.895706" lon="86.824136">
	<ele>4404.12</ele>
</trkpt>
<trkpt lat="27.896044" lon="86.824006">
	<ele>4405.77</ele>
</trkpt>
<trkpt lat="27.896381" lon="86.823877">
	<ele>4407.13</ele>
</trkpt>
<trkpt lat="27.896719" lon="86.823748">
	<ele>4408.98</ele>
</trkpt>
<trkpt lat="27.896938" lon="86.823741">
	<ele>4411.85</ele>
</trkpt>
<trkpt lat="27.897063" lon="86.823706">
	<ele>4413.13</ele>
</trkpt>
<trkpt lat="27.897170" lon="86.823472">
	<ele>4411.42</ele>
</trkpt>
<trkpt lat="27.897389" lon="86.823352">
	<ele>4413.92</ele>
</trkpt>
<trkpt lat="27.897689" lon="86.823330">
	<ele>4420.50</ele>
</trkpt>
<trkpt lat="27.897764" lon="86.823154">
	<ele>4420.67</ele>
</trkpt>
<trkpt lat="27.898127" lon="86.822991">
	<ele>4428.25</ele>
</trkpt>
<trkpt lat="27.898171" lon="86.822792">
	<ele>4426.43</ele>
</trkpt>
<trkpt lat="27.898508" lon="86.822807">
	<ele>4433.51</ele>
</trkpt>
<trkpt lat="27.898621" lon="86.822616">
	<ele>4432.15</ele>
</trkpt>
<trkpt lat="27.898859" lon="86.822552">
	<ele>4435.44</ele>
</trkpt>
<trkpt lat="27.899147" lon="86.822403">
	<ele>4437.71</ele>
</trkpt>
<trkpt lat="27.899434" lon="86.822255">
	<ele>4439.11</ele>
</trkpt>
<trkpt lat="27.899678" lon="86.822226">
	<ele>4441.61</ele>
</trkpt>
<trkpt lat="27.899772" lon="86.822191">
	<ele>4442.23</ele>
</trkpt>
<trkpt lat="27.899822" lon="86.822049">
	<ele>4440.11</ele>
</trkpt>
<trkpt lat="27.899897" lon="86.821950">
	<ele>4439.08</ele>
</trkpt>
<trkpt lat="27.900241" lon="86.821706">
	<ele>4439.10</ele>
</trkpt>
<trkpt lat="27.900585" lon="86.821462">
	<ele>4440.69</ele>
</trkpt>
<trkpt lat="27.900978" lon="86.821280">
	<ele>4450.12</ele>
</trkpt>
<trkpt lat="27.901370" lon="86.821097">
	<ele>4460.48</ele>
</trkpt>
<trkpt lat="27.901663" lon="86.820901">
	<ele>4464.14</ele>
</trkpt>
<trkpt lat="27.901956" lon="86.820705">
	<ele>4464.66</ele>
</trkpt>
<trkpt lat="27.902250" lon="86.820509">
	<ele>4464.30</ele>
</trkpt>
<trkpt lat="27.902543" lon="86.820313">
	<ele>4465.37</ele>
</trkpt>
<trkpt lat="27.902872" lon="86.820351">
	<ele>4474.86</ele>
</trkpt>
<trkpt lat="27.903144" lon="86.820146">
	<ele>4478.02</ele>
</trkpt>
<trkpt lat="27.903259" lon="86.819773">
	<ele>4472.77</ele>
</trkpt>
<trkpt lat="27.903489" lon="86.819689">
	<ele>4475.71</ele>
</trkpt>
<trkpt lat="27.903728" lon="86.819391">
	<ele>4469.90</ele>
</trkpt>
<trkpt lat="27.903812" lon="86.819352">
	<ele>4469.38</ele>
</trkpt>
<trkpt lat="27.903992" lon="86.819270">
	<ele>4468.51</ele>
</trkpt>
<trkpt lat="27.904156" lon="86.819102">
	<ele>4465.44</ele>
</trkpt>
<trkpt lat="27.904492" lon="86.819088">
	<ele>4474.80</ele>
</trkpt>
<trkpt lat="27.904713" lon="86.818892">
	<ele>4475.60</ele>
</trkpt>
<trkpt lat="27.904929" lon="86.818618">
	<ele>4473.54</ele>
</trkpt>
<trkpt lat="27.905346" lon="86.818468">
	<ele>4481.93</ele>
</trkpt>
<trkpt lat="27.905625" lon="86.818462">
	<ele>4489.90</ele>
</trkpt>
<trkpt lat="27.905915" lon="86.818176">
	<ele>4492.13</ele>
</trkpt>
<trkpt lat="27.906181" lon="86.818060">
	<ele>4495.86</ele>
</trkpt>
<trkpt lat="27.906447" lon="86.817944">
	<ele>4498.83</ele>
</trkpt>
<trkpt lat="27.906679" lon="86.817711">
	<ele>4499.72</ele>
</trkpt>
<trkpt lat="27.906805" lon="86.817488">
	<ele>4497.19</ele>
</trkpt>
<trkpt lat="27.906932" lon="86.817264">
	<ele>4493.15</ele>
</trkpt>
<trkpt lat="27.907277" lon="86.817094">
	<ele>4497.49</ele>
</trkpt>
<trkpt lat="27.907622" lon="86.816924">
	<ele>4504.90</ele>
</trkpt>
<trkpt lat="27.907854" lon="86.816725">
	<ele>4508.20</ele>
</trkpt>
<trkpt lat="27.908085" lon="86.816525">
	<ele>4509.52</ele>
</trkpt>
<trkpt lat="27.908354" lon="86.816447">
	<ele>4514.09</ele>
</trkpt>
<trkpt lat="27.908623" lon="86.816370">
	<ele>4518.10</ele>
</trkpt>
<trkpt lat="27.908984" lon="86.816149">
	<ele>4518.89</ele>
</trkpt>
<trkpt lat="27.909346" lon="86.815929">
	<ele>4520.55</ele>
</trkpt>
<trkpt lat="27.909708" lon="86.815708">
	<ele>4524.71</ele>
</trkpt>
<trkpt lat="27.910036" lon="86.815448">
	<ele>4531.63</ele>
</trkpt>
<trkpt lat="27.910363" lon="86.815188">
	<ele>4538.78</ele>
</trkpt>
<trkpt lat="27.910691" lon="86.814928">
	<ele>4542.44</ele>
</trkpt>
<trkpt lat="27.911019" lon="86.814668">
	<ele>4545.73</ele>
</trkpt>
<trkpt lat="27.911347" lon="86.814408">
	<ele>4553.71</ele>
</trkpt>
<trkpt lat="27.911661" lon="86.814160">
	<ele>4562.70</ele>
</trkpt>
<trkpt lat="27.911975" lon="86.813911">
	<ele>4566.25</ele>
</trkpt>
<trkpt lat="27.912290" lon="86.813663">
	<ele>4568.78</ele>
</trkpt>
<trkpt lat="27.912584" lon="86.813353">
	<ele>4570.01</ele>
</trkpt>
<trkpt lat="27.912878" lon="86.813043">
	<ele>4570.31</ele>
</trkpt>
<trkpt lat="27.913172" lon="86.812733">
	<ele>4573.39</ele>
</trkpt>
<trkpt lat="27.913466" lon="86.812423">
	<ele>4576.83</ele>
</trkpt>
<trkpt lat="27.913760" lon="86.812113">
	<ele>4577.85</ele>
</trkpt>
<trkpt lat="27.914054" lon="86.811803">
	<ele>4579.60</ele>
</trkpt>
<trkpt lat="27.914397" lon="86.811605">
	<ele>4584.22</ele>
</trkpt>
<trkpt lat="27.914739" lon="86.811406">
	<ele>4584.21</ele>
</trkpt>
<trkpt lat="27.915082" lon="86.811208">
	<ele>4583.22</ele>
</trkpt>
<trkpt lat="27.915424" lon="86.811010">
	<ele>4583.30</ele>
</trkpt>
<trkpt lat="27.915456" lon="86.810963">
	<ele>4582.24</ele>
</trkpt>
<trkpt lat="27.915424" lon="86.811010">
	<ele>4583.30</ele>
</trkpt>
<trkpt lat="27.915082" lon="86.811208">
	<ele>4583.22</ele>
</trkpt>
<trkpt lat="27.914739" lon="86.811406">
	<ele>4584.21</ele>
</trkpt>
<trkpt lat="27.914397" lon="86.811605">
	<ele>4584.22</ele>
</trkpt>
<trkpt lat="27.914054" lon="86.811803">
	<ele>4579.60</ele>
</trkpt>
<trkpt lat="27.913760" lon="86.812113">
	<ele>4577.85</ele>
</trkpt>
<trkpt lat="27.913466" lon="86.812423">
	<ele>4576.83</ele>
</trkpt>
<trkpt lat="27.913172" lon="86.812733">
	<ele>4573.39</ele>
</trkpt>
<trkpt lat="27.912878" lon="86.813043">
	<ele>4570.31</ele>
</trkpt>
<trkpt lat="27.912584" lon="86.813353">
	<ele>4570.01</ele>
</trkpt>
<trkpt lat="27.912290" lon="86.813663">
	<ele>4568.78</ele>
</trkpt>
<trkpt lat="27.911975" lon="86.813911">
	<ele>4566.25</ele>
</trkpt>
<trkpt lat="27.911661" lon="86.814160">
	<ele>4562.70</ele>
</trkpt>
<trkpt lat="27.911347" lon="86.814408">
	<ele>4553.71</ele>
</trkpt>
<trkpt lat="27.911019" lon="86.814668">
	<ele>4545.73</ele>
</trkpt>
<trkpt lat="27.910691" lon="86.814928">
	<ele>4542.44</ele>
</trkpt>
<trkpt lat="27.910363" lon="86.815188">
	<ele>4538.78</ele>
</trkpt>
<trkpt lat="27.910036" lon="86.815448">
	<ele>4531.63</ele>
</trkpt>
<trkpt lat="27.909708" lon="86.815708">
	<ele>4524.71</ele>
</trkpt>
<trkpt lat="27.909346" lon="86.815929">
	<ele>4520.55</ele>
</trkpt>
<trkpt lat="27.908984" lon="86.816149">
	<ele>4518.89</ele>
</trkpt>
<trkpt lat="27.908869" lon="86.816219">
	<ele>4518.72</ele>
</trkpt>
<trkpt lat="27.908984" lon="86.816149">
	<ele>4518.89</ele>
</trkpt>
<trkpt lat="27.909346" lon="86.815929">
	<ele>4520.55</ele>
</trkpt>
<trkpt lat="27.909708" lon="86.815708">
	<ele>4524.71</ele>
</trkpt>
<trkpt lat="27.910036" lon="86.815448">
	<ele>4531.63</ele>
</trkpt>
<trkpt lat="27.910363" lon="86.815188">
	<ele>4538.78</ele>
</trkpt>
<trkpt lat="27.910691" lon="86.814928">
	<ele>4542.44</ele>
</trkpt>
<trkpt lat="27.911019" lon="86.814668">
	<ele>4545.73</ele>
</trkpt>
<trkpt lat="27.911347" lon="86.814408">
	<ele>4553.71</ele>
</trkpt>
<trkpt lat="27.911661" lon="86.814160">
	<ele>4562.70</ele>
</trkpt>
<trkpt lat="27.911975" lon="86.813911">
	<ele>4566.25</ele>
</trkpt>
<trkpt lat="27.912290" lon="86.813663">
	<ele>4568.78</ele>
</trkpt>
<trkpt lat="27.912584" lon="86.813353">
	<ele>4570.01</ele>
</trkpt>
<trkpt lat="27.912878" lon="86.813043">
	<ele>4570.31</ele>
</trkpt>
<trkpt lat="27.913172" lon="86.812733">
	<ele>4573.39</ele>
</trkpt>
<trkpt lat="27.913466" lon="86.812423">
	<ele>4576.83</ele>
</trkpt>
<trkpt lat="27.913760" lon="86.812113">
	<ele>4577.85</ele>
</trkpt>
<trkpt lat="27.914054" lon="86.811803">
	<ele>4579.60</ele>
</trkpt>
<trkpt lat="27.914397" lon="86.811605">
	<ele>4584.22</ele>
</trkpt>
<trkpt lat="27.914739" lon="86.811406">
	<ele>4584.21</ele>
</trkpt>
<trkpt lat="27.915082" lon="86.811208">
	<ele>4583.22</ele>
</trkpt>
<trkpt lat="27.915424" lon="86.811010">
	<ele>4583.30</ele>
</trkpt>
<trkpt lat="27.915661" lon="86.810658">
	<ele>4578.81</ele>
</trkpt>
<trkpt lat="27.915959" lon="86.810384">
	<ele>4583.41</ele>
</trkpt>
<trkpt lat="27.916257" lon="86.810110">
	<ele>4585.67</ele>
</trkpt>
<trkpt lat="27.916604" lon="86.809871">
	<ele>4585.60</ele>
</trkpt>
<trkpt lat="27.916956" lon="86.809656">
	<ele>4586.62</ele>
</trkpt>
<trkpt lat="27.917307" lon="86.809441">
	<ele>4590.99</ele>
</trkpt>
<trkpt lat="27.917658" lon="86.809227">
	<ele>4594.96</ele>
</trkpt>
<trkpt lat="27.917832" lon="86.809036">
	<ele>4594.74</ele>
</trkpt>
<trkpt lat="27.918006" lon="86.808846">
	<ele>4596.16</ele>
</trkpt>
<trkpt lat="27.918195" lon="86.808613">
	<ele>4599.07</ele>
</trkpt>
<trkpt lat="27.918385" lon="86.808381">
	<ele>4600.44</ele>
</trkpt>
<trkpt lat="27.918770" lon="86.808250">
	<ele>4603.01</ele>
</trkpt>
<trkpt lat="27.919172" lon="86.808155">
	<ele>4603.20</ele>
</trkpt>
<trkpt lat="27.919575" lon="86.808060">
	<ele>4599.73</ele>
</trkpt>
<trkpt lat="27.919978" lon="86.807965">
	<ele>4594.13</ele>
</trkpt>
<trkpt lat="27.920248" lon="86.807786">
	<ele>4584.46</ele>
</trkpt>
<trkpt lat="27.920518" lon="86.807606">
	<ele>4574.80</ele>
</trkpt>
<trkpt lat="27.920850" lon="86.807547">
	<ele>4573.22</ele>
</trkpt>
<trkpt lat="27.921181" lon="86.807488">
	<ele>4575.30</ele>
</trkpt>
<trkpt lat="27.921283" lon="86.807060">
	<ele>4561.11</ele>
</trkpt>
<trkpt lat="27.921724" lon="86.807085">
	<ele>4567.45</ele>
</trkpt>
<trkpt lat="27.922165" lon="86.807109">
	<ele>4572.89</ele>
</trkpt>
<trkpt lat="27.922390" lon="86.807179">
	<ele>4578.00</ele>
</trkpt>
<trkpt lat="27.922777" lon="86.806976">
	<ele>4577.43</ele>
</trkpt>
<trkpt lat="27.922920" lon="86.806976">
	<ele>4580.16</ele>
</trkpt>
<trkpt lat="27.922929" lon="86.806824">
	<ele>4577.07</ele>
</trkpt>
<trkpt lat="27.922958" lon="86.806721">
	<ele>4576.31</ele>
</trkpt>
<trkpt lat="27.923211" lon="86.806658">
	<ele>4581.31</ele>
</trkpt>
<trkpt lat="27.923464" lon="86.806595">
	<ele>4586.68</ele>
</trkpt>
<trkpt lat="27.923544" lon="86.806399">
	<ele>4589.42</ele>
</trkpt>
<trkpt lat="27.923489" lon="86.806306">
	<ele>4589.32</ele>
</trkpt>
<trkpt lat="27.923701" lon="86.806002">
	<ele>4597.44</ele>
</trkpt>
<trkpt lat="27.923758" lon="86.805668">
	<ele>4603.12</ele>
</trkpt>
<trkpt lat="27.923658" lon="86.805590">
	<ele>4603.12</ele>
</trkpt>
<trkpt lat="27.923789" lon="86.805516">
	<ele>4606.55</ele>
</trkpt>
<trkpt lat="27.923911" lon="86.805405">
	<ele>4610.57</ele>
</trkpt>
<trkpt lat="27.923955" lon="86.805328">
	<ele>4612.62</ele>
</trkpt>
<trkpt lat="27.924046" lon="86.805311">
	<ele>4614.25</ele>
</trkpt>
<trkpt lat="27.924088" lon="86.805210">
	<ele>4616.33</ele>
</trkpt>
<trkpt lat="27.924259" lon="86.805108">
	<ele>4619.60</ele>
</trkpt>
<trkpt lat="27.924388" lon="86.805078">
	<ele>4621.19</ele>
</trkpt>
<trkpt lat="27.924649" lon="86.805108">
	<ele>4623.77</ele>
</trkpt>
<trkpt lat="27.924924" lon="86.805036">
	<ele>4626.99</ele>
</trkpt>
<trkpt lat="27.925228" lon="86.805036">
	<ele>4632.04</ele>
</trkpt>
<trkpt lat="27.925395" lon="86.804993">
	<ele>4635.22</ele>
</trkpt>
<trkpt lat="27.925415" lon="86.804988">
	<ele>4635.63</ele>
</trkpt>
<trkpt lat="27.925727" lon="86.804979">
	<ele>4642.51</ele>
</trkpt>
<trkpt lat="27.925904" lon="86.804836">
	<ele>4646.45</ele>
</trkpt>
<trkpt lat="27.926090" lon="86.804866">
	<ele>4651.00</ele>
</trkpt>
<trkpt lat="27.926128" lon="86.804852">
	<ele>4651.92</ele>
</trkpt>
<trkpt lat="27.926234" lon="86.804812">
	<ele>4654.48</ele>
</trkpt>
<trkpt lat="27.926522" lon="86.804670">
	<ele>4661.37</ele>
</trkpt>
<trkpt lat="27.926662" lon="86.804594">
	<ele>4664.74</ele>
</trkpt>
<trkpt lat="27.926885" lon="86.804535">
	<ele>4670.65</ele>
</trkpt>
<trkpt lat="27.927059" lon="86.804457">
	<ele>4675.19</ele>
</trkpt>
<trkpt lat="27.927199" lon="86.804459">
	<ele>4679.40</ele>
</trkpt>
<trkpt lat="27.927298" lon="86.804415">
	<ele>4682.12</ele>
</trkpt>
<trkpt lat="27.927341" lon="86.804446">
	<ele>4683.71</ele>
</trkpt>
<trkpt lat="27.927604" lon="86.804636">
	<ele>4693.80</ele>
</trkpt>
<trkpt lat="27.927799" lon="86.804597">
	<ele>4700.19</ele>
</trkpt>
<trkpt lat="27.927919" lon="86.804745">
	<ele>4705.28</ele>
</trkpt>
<trkpt lat="27.928019" lon="86.804686">
	<ele>4708.42</ele>
</trkpt>
<trkpt lat="27.928104" lon="86.804847">
	<ele>4712.18</ele>
</trkpt>
<trkpt lat="27.928254" lon="86.804764">
	<ele>4716.98</ele>
</trkpt>
<trkpt lat="27.928408" lon="86.804762">
	<ele>4722.34</ele>
</trkpt>
<trkpt lat="27.928436" lon="86.804762">
	<ele>4723.32</ele>
</trkpt>
<trkpt lat="27.928595" lon="86.804654">
	<ele>4728.59</ele>
</trkpt>
<trkpt lat="27.928729" lon="86.804742">
	<ele>4733.58</ele>
</trkpt>
<trkpt lat="27.928937" lon="86.804671">
	<ele>4740.83</ele>
</trkpt>
<trkpt lat="27.929123" lon="86.804734">
	<ele>4747.82</ele>
</trkpt>
<trkpt lat="27.929260" lon="86.804693">
	<ele>4752.90</ele>
</trkpt>
<trkpt lat="27.929325" lon="86.804771">
	<ele>4755.57</ele>
</trkpt>
<trkpt lat="27.929417" lon="86.804720">
	<ele>4759.11</ele>
</trkpt>
<trkpt lat="27.929542" lon="86.804847">
	<ele>4764.21</ele>
</trkpt>
<trkpt lat="27.929698" lon="86.804786">
	<ele>4770.23</ele>
</trkpt>
<trkpt lat="27.929739" lon="86.804770">
	<ele>4771.85</ele>
</trkpt>
<trkpt lat="27.930138" lon="86.805000">
	<ele>4786.91</ele>
</trkpt>
<trkpt lat="27.930283" lon="86.805234">
	<ele>4795.27</ele>
</trkpt>
<trkpt lat="27.930379" lon="86.805150">
	<ele>4797.26</ele>
</trkpt>
<trkpt lat="27.930496" lon="86.805282">
	<ele>4804.08</ele>
</trkpt>
<trkpt lat="27.930624" lon="86.805246">
	<ele>4808.02</ele>
</trkpt>
<trkpt lat="27.930855" lon="86.805113">
	<ele>4813.67</ele>
</trkpt>
<trkpt lat="27.930970" lon="86.804838">
	<ele>4813.94</ele>
</trkpt>
<trkpt lat="27.931012" lon="86.804738">
	<ele>4814.52</ele>
</trkpt>
<trkpt lat="27.930996" lon="86.804563">
	<ele>4813.03</ele>
</trkpt>
<trkpt lat="27.931304" lon="86.804508">
	<ele>4821.20</ele>
</trkpt>
<trkpt lat="27.931612" lon="86.804452">
	<ele>4828.42</ele>
</trkpt>
<trkpt lat="27.931955" lon="86.804267">
	<ele>4833.18</ele>
</trkpt>
<trkpt lat="27.931963" lon="86.804259">
	<ele>4833.19</ele>
</trkpt>
<trkpt lat="27.932192" lon="86.804022">
	<ele>4833.43</ele>
</trkpt>
<trkpt lat="27.932539" lon="86.803963">
	<ele>4837.63</ele>
</trkpt>
<trkpt lat="27.932780" lon="86.803941">
	<ele>4839.55</ele>
</trkpt>
<trkpt lat="27.933021" lon="86.803918">
	<ele>4840.29</ele>
</trkpt>
<trkpt lat="27.933140" lon="86.803983">
	<ele>4841.71</ele>
</trkpt>
<trkpt lat="27.933241" lon="86.804037">
	<ele>4842.63</ele>
</trkpt>
<trkpt lat="27.933429" lon="86.804107">
	<ele>4842.14</ele>
</trkpt>
<trkpt lat="27.933604" lon="86.804416">
	<ele>4844.53</ele>
</trkpt>
<trkpt lat="27.933771" lon="86.804496">
	<ele>4839.76</ele>
</trkpt>
<trkpt lat="27.933837" lon="86.804634">
	<ele>4839.99</ele>
</trkpt>
<trkpt lat="27.934216" lon="86.804779">
	<ele>4830.37</ele>
</trkpt>
<trkpt lat="27.934458" lon="86.804938">
	<ele>4830.85</ele>
</trkpt>
<trkpt lat="27.934733" lon="86.805338">
	<ele>4838.90</ele>
</trkpt>
<trkpt lat="27.935008" lon="86.805604">
	<ele>4840.71</ele>
</trkpt>
<trkpt lat="27.935264" lon="86.805794">
	<ele>4840.22</ele>
</trkpt>
<trkpt lat="27.935520" lon="86.805983">
	<ele>4839.68</ele>
</trkpt>
<trkpt lat="27.935776" lon="86.806173">
	<ele>4839.10</ele>
</trkpt>
<trkpt lat="27.935922" lon="86.806269">
	<ele>4838.97</ele>
</trkpt>
<trkpt lat="27.936102" lon="86.806386">
	<ele>4839.35</ele>
</trkpt>
<trkpt lat="27.936427" lon="86.806600">
	<ele>4841.71</ele>
</trkpt>
<trkpt lat="27.936615" lon="86.806672">
	<ele>4842.99</ele>
</trkpt>
<trkpt lat="27.936876" lon="86.806664">
	<ele>4844.14</ele>
</trkpt>
<trkpt lat="27.937137" lon="86.806656">
	<ele>4847.10</ele>
</trkpt>
<trkpt lat="27.937379" lon="86.806649">
	<ele>4850.92</ele>
</trkpt>
<trkpt lat="27.937521" lon="86.806765">
	<ele>4853.09</ele>
</trkpt>
<trkpt lat="27.937822" lon="86.807012">
	<ele>4856.13</ele>
</trkpt>
<trkpt lat="27.938208" lon="86.807086">
	<ele>4861.48</ele>
</trkpt>
<trkpt lat="27.938420" lon="86.807126">
	<ele>4863.52</ele>
</trkpt>
<trkpt lat="27.938594" lon="86.807159">
	<ele>4864.74</ele>
</trkpt>
<trkpt lat="27.938980" lon="86.807233">
	<ele>4867.37</ele>
</trkpt>
<trkpt lat="27.939381" lon="86.807397">
	<ele>4869.20</ele>
</trkpt>
<trkpt lat="27.939781" lon="86.807561">
	<ele>4872.30</ele>
</trkpt>
<trkpt lat="27.939944" lon="86.807531">
	<ele>4875.41</ele>
</trkpt>
<trkpt lat="27.940252" lon="86.807620">
	<ele>4879.07</ele>
</trkpt>
<trkpt lat="27.940561" lon="86.807710">
	<ele>4882.84</ele>
</trkpt>
<trkpt lat="27.940921" lon="86.807890">
	<ele>4885.20</ele>
</trkpt>
<trkpt lat="27.941118" lon="86.807988">
	<ele>4885.78</ele>
</trkpt>
<trkpt lat="27.941282" lon="86.808070">
	<ele>4885.83</ele>
</trkpt>
<trkpt lat="27.941572" lon="86.808215">
	<ele>4886.07</ele>
</trkpt>
<trkpt lat="27.941861" lon="86.808360">
	<ele>4888.83</ele>
</trkpt>
<trkpt lat="27.942138" lon="86.808571">
	<ele>4891.82</ele>
</trkpt>
<trkpt lat="27.942415" lon="86.808783">
	<ele>4893.70</ele>
</trkpt>
<trkpt lat="27.942741" lon="86.808878">
	<ele>4899.00</ele>
</trkpt>
<trkpt lat="27.943068" lon="86.808974">
	<ele>4905.13</ele>
</trkpt>
<trkpt lat="27.943265" lon="86.809132">
	<ele>4904.85</ele>
</trkpt>
<trkpt lat="27.943463" lon="86.809290">
	<ele>4903.11</ele>
</trkpt>
<trkpt lat="27.943821" lon="86.809391">
	<ele>4902.64</ele>
</trkpt>
<trkpt lat="27.944133" lon="86.809566">
	<ele>4901.15</ele>
</trkpt>
<trkpt lat="27.944446" lon="86.809741">
	<ele>4901.68</ele>
</trkpt>
<trkpt lat="27.944758" lon="86.809916">
	<ele>4902.68</ele>
</trkpt>
<trkpt lat="27.945177" lon="86.810041">
	<ele>4907.72</ele>
</trkpt>
<trkpt lat="27.945596" lon="86.810166">
	<ele>4914.93</ele>
</trkpt>
<trkpt lat="27.945769" lon="86.810339">
	<ele>4915.73</ele>
</trkpt>
<trkpt lat="27.946107" lon="86.810369">
	<ele>4918.27</ele>
</trkpt>
<trkpt lat="27.946444" lon="86.810315">
	<ele>4921.16</ele>
</trkpt>
<trkpt lat="27.946861" lon="86.810419">
	<ele>4921.09</ele>
</trkpt>
<trkpt lat="27.947278" lon="86.810524">
	<ele>4920.30</ele>
</trkpt>
<trkpt lat="27.947363" lon="86.810551">
	<ele>4919.92</ele>
</trkpt>
<trkpt lat="27.947782" lon="86.810537">
	<ele>4919.37</ele>
</trkpt>
<trkpt lat="27.948008" lon="86.810602">
	<ele>4917.57</ele>
</trkpt>
<trkpt lat="27.948218" lon="86.810579">
	<ele>4917.85</ele>
</trkpt>
<trkpt lat="27.948452" lon="86.810525">
	<ele>4920.24</ele>
</trkpt>
<trkpt lat="27.948515" lon="86.810588">
	<ele>4920.69</ele>
</trkpt>
<trkpt lat="27.948549" lon="86.810615">
	<ele>4921.01</ele>
</trkpt>
<trkpt lat="27.948561" lon="86.810625">
	<ele>4921.13</ele>
</trkpt>
<trkpt lat="27.948587" lon="86.810645">
	<ele>4921.41</ele>
</trkpt>
<trkpt lat="27.948624" lon="86.810673">
	<ele>4921.84</ele>
</trkpt>
<trkpt lat="27.948610" lon="86.810980">
	<ele>4919.57</ele>
</trkpt>
<trkpt lat="27.948640" lon="86.811209">
	<ele>4918.31</ele>
</trkpt>
<trkpt lat="27.948741" lon="86.811408">
	<ele>4919.20</ele>
</trkpt>
<trkpt lat="27.948849" lon="86.811535">
	<ele>4921.25</ele>
</trkpt>
<trkpt lat="27.949041" lon="86.811617">
	<ele>4925.85</ele>
</trkpt>
<trkpt lat="27.949189" lon="86.811816">
	<ele>4928.79</ele>
</trkpt>
<trkpt lat="27.949215" lon="86.812050">
	<ele>4928.01</ele>
</trkpt>
<trkpt lat="27.949427" lon="86.812392">
	<ele>4930.14</ele>
</trkpt>
<trkpt lat="27.949534" lon="86.812662">
	<ele>4930.61</ele>
</trkpt>
<trkpt lat="27.949677" lon="86.812855">
	<ele>4931.64</ele>
</trkpt>
<trkpt lat="27.949864" lon="86.813046">
	<ele>4933.19</ele>
</trkpt>
<trkpt lat="27.950051" lon="86.813236">
	<ele>4935.29</ele>
</trkpt>
<trkpt lat="27.950225" lon="86.813406">
	<ele>4938.61</ele>
</trkpt>
<trkpt lat="27.950399" lon="86.813576">
	<ele>4942.02</ele>
</trkpt>
<trkpt lat="27.950762" lon="86.813743">
	<ele>4947.58</ele>
</trkpt>
<trkpt lat="27.951178" lon="86.813713">
	<ele>4956.07</ele>
</trkpt>
<trkpt lat="27.951468" lon="86.813868">
	<ele>4956.09</ele>
</trkpt>
<trkpt lat="27.951684" lon="86.814095">
	<ele>4952.71</ele>
</trkpt>
<trkpt lat="27.951931" lon="86.814155">
	<ele>4956.62</ele>
</trkpt>
<trkpt lat="27.952179" lon="86.814214">
	<ele>4961.61</ele>
</trkpt>
<trkpt lat="27.952395" lon="86.814488">
	<ele>4961.24</ele>
</trkpt>
<trkpt lat="27.952661" lon="86.814652">
	<ele>4961.98</ele>
</trkpt>
<trkpt lat="27.952927" lon="86.814816">
	<ele>4961.91</ele>
</trkpt>
<trkpt lat="27.953269" lon="86.814925">
	<ele>4963.23</ele>
</trkpt>
<trkpt lat="27.953611" lon="86.815033">
	<ele>4964.89</ele>
</trkpt>
<trkpt lat="27.953953" lon="86.815141">
	<ele>4967.24</ele>
</trkpt>
<trkpt lat="27.954228" lon="86.815228">
	<ele>4970.35</ele>
</trkpt>
<trkpt lat="27.954569" lon="86.815472">
	<ele>4976.60</ele>
</trkpt>
<trkpt lat="27.954910" lon="86.815717">
	<ele>4984.45</ele>
</trkpt>
<trkpt lat="27.955251" lon="86.815961">
	<ele>4989.19</ele>
</trkpt>
<trkpt lat="27.955592" lon="86.816206">
	<ele>4989.48</ele>
</trkpt>
<trkpt lat="27.955844" lon="86.816277">
	<ele>4991.07</ele>
</trkpt>
<trkpt lat="27.956097" lon="86.816349">
	<ele>4993.17</ele>
</trkpt>
<trkpt lat="27.956396" lon="86.816581">
	<ele>4992.02</ele>
</trkpt>
<trkpt lat="27.956545" lon="86.816697">
	<ele>4992.32</ele>
</trkpt>
<trkpt lat="27.956694" lon="86.816814">
	<ele>4993.03</ele>
</trkpt>
<trkpt lat="27.956992" lon="86.817046">
	<ele>4995.32</ele>
</trkpt>
<trkpt lat="27.957264" lon="86.817139">
	<ele>4998.95</ele>
</trkpt>
<trkpt lat="27.957535" lon="86.817231">
	<ele>5001.99</ele>
</trkpt>
<trkpt lat="27.957803" lon="86.817270">
	<ele>5005.20</ele>
</trkpt>
<trkpt lat="27.958072" lon="86.817308">
	<ele>5008.35</ele>
</trkpt>
<trkpt lat="27.958414" lon="86.817505">
	<ele>5009.16</ele>
</trkpt>
<trkpt lat="27.958757" lon="86.817702">
	<ele>5009.60</ele>
</trkpt>
<trkpt lat="27.959046" lon="86.817803">
	<ele>5011.67</ele>
</trkpt>
<trkpt lat="27.959367" lon="86.818024">
	<ele>5011.76</ele>
</trkpt>
<trkpt lat="27.959644" lon="86.818134">
	<ele>5014.97</ele>
</trkpt>
<trkpt lat="27.959920" lon="86.818245">
	<ele>5018.32</ele>
</trkpt>
<trkpt lat="27.960212" lon="86.818425">
	<ele>5020.27</ele>
</trkpt>
<trkpt lat="27.960503" lon="86.818606">
	<ele>5021.73</ele>
</trkpt>
<trkpt lat="27.960795" lon="86.818787">
	<ele>5021.67</ele>
</trkpt>
<trkpt lat="27.961182" lon="86.818924">
	<ele>5021.82</ele>
</trkpt>
<trkpt lat="27.961569" lon="86.819061">
	<ele>5021.95</ele>
</trkpt>
<trkpt lat="27.961816" lon="86.819181">
	<ele>5022.52</ele>
</trkpt>
<trkpt lat="27.962064" lon="86.819300">
	<ele>5023.83</ele>
</trkpt>
<trkpt lat="27.962408" lon="86.819399">
	<ele>5027.08</ele>
</trkpt>
<trkpt lat="27.962752" lon="86.819499">
	<ele>5031.34</ele>
</trkpt>
<trkpt lat="27.963096" lon="86.819598">
	<ele>5036.62</ele>
</trkpt>
<trkpt lat="27.963404" lon="86.819768">
	<ele>5039.14</ele>
</trkpt>
<trkpt lat="27.963712" lon="86.819938">
	<ele>5041.76</ele>
</trkpt>
<trkpt lat="27.963941" lon="86.820111">
	<ele>5042.76</ele>
</trkpt>
<trkpt lat="27.964170" lon="86.820284">
	<ele>5043.25</ele>
</trkpt>
<trkpt lat="27.964541" lon="86.820388">
	<ele>5047.41</ele>
</trkpt>
<trkpt lat="27.964913" lon="86.820492">
	<ele>5050.46</ele>
</trkpt>
<trkpt lat="27.965213" lon="86.820707">
	<ele>5047.71</ele>
</trkpt>
<trkpt lat="27.965513" lon="86.820922">
	<ele>5048.53</ele>
</trkpt>
<trkpt lat="27.965787" lon="86.820999">
	<ele>5052.48</ele>
</trkpt>
<trkpt lat="27.966060" lon="86.821077">
	<ele>5056.29</ele>
</trkpt>
<trkpt lat="27.966060" lon="86.821076">
	<ele>5056.30</ele>
</trkpt>
<trkpt lat="27.966060" lon="86.821077">
	<ele>5056.29</ele>
</trkpt>
<trkpt lat="27.966319" lon="86.821238">
	<ele>5057.97</ele>
</trkpt>
<trkpt lat="27.966636" lon="86.821380">
	<ele>5059.05</ele>
</trkpt>
<trkpt lat="27.966989" lon="86.821452">
	<ele>5061.84</ele>
</trkpt>
<trkpt lat="27.967207" lon="86.821602">
	<ele>5062.90</ele>
</trkpt>
<trkpt lat="27.967325" lon="86.821613">
	<ele>5064.87</ele>
</trkpt>
<trkpt lat="27.967567" lon="86.821608">
	<ele>5070.29</ele>
</trkpt>
<trkpt lat="27.967685" lon="86.821677">
	<ele>5072.94</ele>
</trkpt>
<trkpt lat="27.967875" lon="86.821624">
	<ele>5079.68</ele>
</trkpt>
<trkpt lat="27.967979" lon="86.821752">
	<ele>5082.34</ele>
</trkpt>
<trkpt lat="27.968083" lon="86.821720">
	<ele>5086.26</ele>
</trkpt>
<trkpt lat="27.968164" lon="86.821782">
	<ele>5088.76</ele>
</trkpt>
<trkpt lat="27.968288" lon="86.821691">
	<ele>5093.42</ele>
</trkpt>
<trkpt lat="27.968365" lon="86.821669">
	<ele>5095.96</ele>
</trkpt>
<trkpt lat="27.968438" lon="86.821767">
	<ele>5097.69</ele>
</trkpt>
<trkpt lat="27.968524" lon="86.821700">
	<ele>5100.73</ele>
</trkpt>
<trkpt lat="27.968637" lon="86.821758">
	<ele>5103.99</ele>
</trkpt>
<trkpt lat="27.968635" lon="86.821865">
	<ele>5103.56</ele>
</trkpt>
<trkpt lat="27.968721" lon="86.822011">
	<ele>5105.98</ele>
</trkpt>
<trkpt lat="27.968985" lon="86.822210">
	<ele>5113.70</ele>
</trkpt>
<trkpt lat="27.969032" lon="86.822270">
	<ele>5114.93</ele>
</trkpt>
<trkpt lat="27.969203" lon="86.822491">
	<ele>5118.71</ele>
</trkpt>
<trkpt lat="27.969439" lon="86.822724">
	<ele>5122.69</ele>
</trkpt>
<trkpt lat="27.969675" lon="86.822958">
	<ele>5127.75</ele>
</trkpt>
<trkpt lat="27.969977" lon="86.823019">
	<ele>5132.70</ele>
</trkpt>
<trkpt lat="27.970112" lon="86.823159">
	<ele>5136.10</ele>
</trkpt>
<trkpt lat="27.970403" lon="86.823223">
	<ele>5138.48</ele>
</trkpt>
<trkpt lat="27.970554" lon="86.823306">
	<ele>5139.23</ele>
</trkpt>
<trkpt lat="27.970910" lon="86.823339">
	<ele>5141.82</ele>
</trkpt>
<trkpt lat="27.971091" lon="86.823290">
	<ele>5144.24</ele>
</trkpt>
<trkpt lat="27.971285" lon="86.823419">
	<ele>5146.25</ele>
</trkpt>
<trkpt lat="27.971425" lon="86.823709">
	<ele>5146.29</ele>
</trkpt>
<trkpt lat="27.971616" lon="86.823764">
	<ele>5148.96</ele>
</trkpt>
<trkpt lat="27.971700" lon="86.823913">
	<ele>5148.65</ele>
</trkpt>
<trkpt lat="27.971989" lon="86.824051">
	<ele>5152.31</ele>
</trkpt>
<trkpt lat="27.972146" lon="86.824017">
	<ele>5156.56</ele>
</trkpt>
<trkpt lat="27.972286" lon="86.824038">
	<ele>5159.49</ele>
</trkpt>
<trkpt lat="27.972485" lon="86.824204">
	<ele>5160.92</ele>
</trkpt>
<trkpt lat="27.972631" lon="86.824311">
	<ele>5162.83</ele>
</trkpt>
<trkpt lat="27.972698" lon="86.824397">
	<ele>5163.31</ele>
</trkpt>
<trkpt lat="27.972778" lon="86.824654">
	<ele>5160.90</ele>
</trkpt>
<trkpt lat="27.972826" lon="86.824960">
	<ele>5154.71</ele>
</trkpt>
<trkpt lat="27.972920" lon="86.825035">
	<ele>5154.38</ele>
</trkpt>
<trkpt lat="27.973091" lon="86.825105">
	<ele>5155.04</ele>
</trkpt>
<trkpt lat="27.973408" lon="86.825116">
	<ele>5158.33</ele>
</trkpt>
<trkpt lat="27.973490" lon="86.825183">
	<ele>5156.16</ele>
</trkpt>
<trkpt lat="27.973610" lon="86.825205">
	<ele>5155.64</ele>
</trkpt>
<trkpt lat="27.973991" lon="86.825357">
	<ele>5148.70</ele>
</trkpt>
<trkpt lat="27.974178" lon="86.825180">
	<ele>5155.66</ele>
</trkpt>
<trkpt lat="27.974202" lon="86.825166">
	<ele>5156.10</ele>
</trkpt>
<trkpt lat="27.974361" lon="86.825079">
	<ele>5158.13</ele>
</trkpt>
<trkpt lat="27.974579" lon="86.825040">
	<ele>5157.06</ele>
</trkpt>
<trkpt lat="27.974911" lon="86.825183">
	<ele>5150.49</ele>
</trkpt>
<trkpt lat="27.975075" lon="86.825186">
	<ele>5149.64</ele>
</trkpt>
<trkpt lat="27.975271" lon="86.825045">
	<ele>5151.80</ele>
</trkpt>
<trkpt lat="27.975380" lon="86.824820">
	<ele>5156.10</ele>
</trkpt>
<trkpt lat="27.975489" lon="86.824595">
	<ele>5160.28</ele>
</trkpt>
<trkpt lat="27.975619" lon="86.824568">
	<ele>5161.16</ele>
</trkpt>
<trkpt lat="27.975802" lon="86.824382">
	<ele>5164.88</ele>
</trkpt>
<trkpt lat="27.975922" lon="86.824365">
	<ele>5165.11</ele>
</trkpt>
<trkpt lat="27.976023" lon="86.824283">
	<ele>5165.94</ele>
</trkpt>
<trkpt lat="27.976073" lon="86.824429">
	<ele>5163.80</ele>
</trkpt>
<trkpt lat="27.976212" lon="86.824481">
	<ele>5162.79</ele>
</trkpt>
<trkpt lat="27.976329" lon="86.824625">
	<ele>5161.34</ele>
</trkpt>
<trkpt lat="27.976321" lon="86.824756">
	<ele>5160.11</ele>
</trkpt>
<trkpt lat="27.976417" lon="86.824919">
	<ele>5159.73</ele>
</trkpt>
<trkpt lat="27.976492" lon="86.825137">
	<ele>5159.94</ele>
</trkpt>
<trkpt lat="27.976459" lon="86.825262">
	<ele>5159.05</ele>
</trkpt>
<trkpt lat="27.976513" lon="86.825437">
	<ele>5160.37</ele>
</trkpt>
<trkpt lat="27.976512" lon="86.825568">
	<ele>5160.18</ele>
</trkpt>
<trkpt lat="27.976548" lon="86.825800">
	<ele>5160.28</ele>
</trkpt>
<trkpt lat="27.976739" lon="86.825916">
	<ele>5165.28</ele>
</trkpt>
<trkpt lat="27.976817" lon="86.826126">
	<ele>5164.54</ele>
</trkpt>
<trkpt lat="27.976898" lon="86.826135">
	<ele>5166.64</ele>
</trkpt>
<trkpt lat="27.977005" lon="86.826077">
	<ele>5170.30</ele>
</trkpt>
<trkpt lat="27.977189" lon="86.826175">
	<ele>5172.97</ele>
</trkpt>
<trkpt lat="27.977396" lon="86.826398">
	<ele>5173.48</ele>
</trkpt>
<trkpt lat="27.977604" lon="86.826621">
	<ele>5173.69</ele>
</trkpt>
<trkpt lat="27.977981" lon="86.826779">
	<ele>5177.40</ele>
</trkpt>
<trkpt lat="27.978246" lon="86.826877">
	<ele>5181.55</ele>
</trkpt>
<trkpt lat="27.978364" lon="86.827171">
	<ele>5183.83</ele>
</trkpt>
<trkpt lat="27.978464" lon="86.827285">
	<ele>5186.09</ele>
</trkpt>
<trkpt lat="27.978562" lon="86.827397">
	<ele>5188.09</ele>
</trkpt>
<trkpt lat="27.978664" lon="86.827685">
	<ele>5186.96</ele>
</trkpt>
<trkpt lat="27.978736" lon="86.827830">
	<ele>5185.22</ele>
</trkpt>
<trkpt lat="27.978944" lon="86.827914">
	<ele>5185.15</ele>
</trkpt>
<trkpt lat="27.979185" lon="86.828211">
	<ele>5175.33</ele>
</trkpt>
<trkpt lat="27.979409" lon="86.828247">
	<ele>5173.93</ele>
</trkpt>
<trkpt lat="27.979599" lon="86.828444">
	<ele>5167.89</ele>
</trkpt>
<trkpt lat="27.979897" lon="86.828655">
	<ele>5164.56</ele>
</trkpt>
<trkpt lat="27.979978" lon="86.828807">
	<ele>5163.15</ele>
</trkpt>
<trkpt lat="27.980189" lon="86.828959">
	<ele>5162.93</ele>
</trkpt>
<trkpt lat="27.980399" lon="86.829112">
	<ele>5162.08</ele>
</trkpt>
<trkpt lat="27.980566" lon="86.829139">
	<ele>5161.84</ele>
</trkpt>
<trkpt lat="27.980654" lon="86.829074">
	<ele>5162.36</ele>
</trkpt>
<trkpt lat="27.980721" lon="86.828971">
	<ele>5163.19</ele>
</trkpt>
<trkpt lat="27.980785" lon="86.828922">
	<ele>5163.46</ele>
</trkpt>
<trkpt lat="27.981041" lon="86.828928">
	<ele>5161.40</ele>
</trkpt>
<trkpt lat="27.980902" lon="86.828829">
	<ele>5163.76</ele>
</trkpt>
<trkpt lat="27.981041" lon="86.828928">
	<ele>5161.40</ele>
</trkpt>
<trkpt lat="27.981279" lon="86.829119">
	<ele>5156.88</ele>
</trkpt>
<trkpt lat="27.981379" lon="86.829205">
	<ele>5155.39</ele>
</trkpt>
<trkpt lat="27.981409" lon="86.829234">
	<ele>5155.04</ele>
</trkpt>
<trkpt lat="27.981539" lon="86.829354">
	<ele>5154.16</ele>
</trkpt>
<trkpt lat="27.981628" lon="86.829456">
	<ele>5154.21</ele>
</trkpt>
<trkpt lat="27.981843" lon="86.829712">
	<ele>5154.79</ele>
</trkpt>
<trkpt lat="27.981942" lon="86.829830">
	<ele>5154.45</ele>
</trkpt>
<trkpt lat="27.982058" lon="86.829969">
	<ele>5153.59</ele>
</trkpt>
<trkpt lat="27.982222" lon="86.830190">
	<ele>5152.80</ele>
</trkpt>
<trkpt lat="27.982386" lon="86.830410">
	<ele>5153.70</ele>
</trkpt>
<trkpt lat="27.982589" lon="86.830698">
	<ele>5156.90</ele>
</trkpt>
<trkpt lat="27.982899" lon="86.830545">
	<ele>5157.17</ele>
</trkpt>
<trkpt lat="27.983068" lon="86.830737">
	<ele>5159.00</ele>
</trkpt>
<trkpt lat="27.983254" lon="86.830907">
	<ele>5160.68</ele>
</trkpt>
<trkpt lat="27.983440" lon="86.831078">
	<ele>5163.33</ele>
</trkpt>
<trkpt lat="27.983580" lon="86.831381">
	<ele>5163.25</ele>
</trkpt>
<trkpt lat="27.983588" lon="86.831549">
	<ele>5161.22</ele>
</trkpt>
<trkpt lat="27.983609" lon="86.831759">
	<ele>5159.29</ele>
</trkpt>
<trkpt lat="27.983737" lon="86.832063">
	<ele>5157.55</ele>
</trkpt>
<trkpt lat="27.983798" lon="86.832240">
	<ele>5156.19</ele>
</trkpt>
<trkpt lat="27.983650" lon="86.832405">
	<ele>5154.95</ele>
</trkpt>
<trkpt lat="27.983699" lon="86.832490">
	<ele>5154.65</ele>
</trkpt>
<trkpt lat="27.983883" lon="86.832901">
	<ele>5154.94</ele>
</trkpt>
<trkpt lat="27.984088" lon="86.833267">
	<ele>5155.59</ele>
</trkpt>
<trkpt lat="27.984228" lon="86.833482">
	<ele>5156.79</ele>
</trkpt>
<trkpt lat="27.984369" lon="86.833697">
	<ele>5158.59</ele>
</trkpt>
<trkpt lat="27.984535" lon="86.834083">
	<ele>5160.35</ele>
</trkpt>
<trkpt lat="27.984628" lon="86.834332">
	<ele>5161.18</ele>
</trkpt>
<trkpt lat="27.984646" lon="86.834382">
	<ele>5161.47</ele>
</trkpt>
<trkpt lat="27.984762" lon="86.834671">
	<ele>5163.70</ele>
</trkpt>
<trkpt lat="27.984860" lon="86.834962">
	<ele>5165.51</ele>
</trkpt>
<trkpt lat="27.984862" lon="86.834967">
	<ele>5165.53</ele>
</trkpt>
<trkpt lat="27.985012" lon="86.835294">
	<ele>5167.20</ele>
</trkpt>
<trkpt lat="27.984936" lon="86.835654">
	<ele>5164.98</ele>
</trkpt>
<trkpt lat="27.985002" lon="86.835764">
	<ele>5166.25</ele>
</trkpt>
<trkpt lat="27.985175" lon="86.836001">
	<ele>5170.79</ele>
</trkpt>
<trkpt lat="27.985215" lon="86.836131">
	<ele>5171.78</ele>
</trkpt>
<trkpt lat="27.985268" lon="86.836195">
	<ele>5173.39</ele>
</trkpt>
<trkpt lat="27.985297" lon="86.836398">
	<ele>5173.43</ele>
</trkpt>
<trkpt lat="27.985366" lon="86.836526">
	<ele>5174.99</ele>
</trkpt>
<trkpt lat="27.985345" lon="86.836717">
	<ele>5172.45</ele>
</trkpt>
<trkpt lat="27.985410" lon="86.836872">
	<ele>5172.82</ele>
</trkpt>
<trkpt lat="27.985395" lon="86.837059">
	<ele>5169.40</ele>
</trkpt>
<trkpt lat="27.985478" lon="86.837193">
	<ele>5170.18</ele>
</trkpt>
<trkpt lat="27.985510" lon="86.837307">
	<ele>5169.36</ele>
</trkpt>
<trkpt lat="27.985456" lon="86.837433">
	<ele>5165.11</ele>
</trkpt>
<trkpt lat="27.985525" lon="86.837542">
	<ele>5165.64</ele>
</trkpt>
<trkpt lat="27.985783" lon="86.837835">
	<ele>5167.68</ele>
</trkpt>
<trkpt lat="27.985891" lon="86.838059">
	<ele>5165.46</ele>
</trkpt>
<trkpt lat="27.985974" lon="86.838160">
	<ele>5166.35</ele>
</trkpt>
<trkpt lat="27.986051" lon="86.838158">
	<ele>5169.76</ele>
</trkpt>
<trkpt lat="27.986012" lon="86.838078">
	<ele>5169.97</ele>
</trkpt>
<trkpt lat="27.986051" lon="86.838158">
	<ele>5169.76</ele>
</trkpt>
<trkpt lat="27.986233" lon="86.838376">
	<ele>5174.14</ele>
</trkpt>
<trkpt lat="27.986415" lon="86.838594">
	<ele>5178.78</ele>
</trkpt>
<trkpt lat="27.986612" lon="86.838681">
	<ele>5185.24</ele>
</trkpt>
<trkpt lat="27.986673" lon="86.838815">
	<ele>5184.68</ele>
</trkpt>
<trkpt lat="27.986688" lon="86.838917">
	<ele>5183.22</ele>
</trkpt>
<trkpt lat="27.986916" lon="86.839001">
	<ele>5190.24</ele>
</trkpt>
<trkpt lat="27.986932" lon="86.839127">
	<ele>5188.91</ele>
</trkpt>
<trkpt lat="27.987101" lon="86.839104">
	<ele>5195.97</ele>
</trkpt>
<trkpt lat="27.987205" lon="86.839132">
	<ele>5199.71</ele>
</trkpt>
<trkpt lat="27.987496" lon="86.839417">
	<ele>5205.84</ele>
</trkpt>
<trkpt lat="27.987528" lon="86.839510">
	<ele>5205.27</ele>
</trkpt>
<trkpt lat="27.987563" lon="86.839740">
	<ele>5202.60</ele>
</trkpt>
<trkpt lat="27.987681" lon="86.839881">
	<ele>5203.27</ele>
</trkpt>
<trkpt lat="27.987806" lon="86.839934">
	<ele>5205.11</ele>
</trkpt>
<trkpt lat="27.988114" lon="86.839954">
	<ele>5211.11</ele>
</trkpt>
<trkpt lat="27.988154" lon="86.840103">
	<ele>5209.18</ele>
</trkpt>
<trkpt lat="27.988345" lon="86.840141">
	<ele>5212.36</ele>
</trkpt>
<trkpt lat="27.988503" lon="86.840045">
	<ele>5217.95</ele>
</trkpt>
<trkpt lat="27.988661" lon="86.840076">
	<ele>5220.98</ele>
</trkpt>
<trkpt lat="27.988715" lon="86.840302">
	<ele>5216.93</ele>
</trkpt>
<trkpt lat="27.988905" lon="86.840378">
	<ele>5219.66</ele>
</trkpt>
<trkpt lat="27.989037" lon="86.840592">
	<ele>5217.65</ele>
</trkpt>
<trkpt lat="27.989319" lon="86.840763">
	<ele>5221.66</ele>
</trkpt>
<trkpt lat="27.989556" lon="86.840985">
	<ele>5225.02</ele>
</trkpt>
<trkpt lat="27.989584" lon="86.841011">
	<ele>5225.38</ele>
</trkpt>
<trkpt lat="27.989925" lon="86.841297">
	<ele>5228.44</ele>
</trkpt>
<trkpt lat="27.990138" lon="86.841293">
	<ele>5233.47</ele>
</trkpt>
<trkpt lat="27.990326" lon="86.841518">
	<ele>5233.09</ele>
</trkpt>
<trkpt lat="27.990700" lon="86.841632">
	<ele>5239.93</ele>
</trkpt>
<trkpt lat="27.990854" lon="86.841597">
	<ele>5243.78</ele>
</trkpt>
<trkpt lat="27.991029" lon="86.841644">
	<ele>5245.80</ele>
</trkpt>
<trkpt lat="27.991317" lon="86.841686">
	<ele>5249.05</ele>
</trkpt>
<trkpt lat="27.991502" lon="86.841719">
	<ele>5251.11</ele>
</trkpt>
<trkpt lat="27.991824" lon="86.841735">
	<ele>5256.83</ele>
</trkpt>
<trkpt lat="27.992089" lon="86.841686">
	<ele>5264.18</ele>
</trkpt>
<trkpt lat="27.992190" lon="86.841915">
	<ele>5260.04</ele>
</trkpt>
<trkpt lat="27.992418" lon="86.842062">
	<ele>5259.37</ele>
</trkpt>
<trkpt lat="27.992663" lon="86.842183">
	<ele>5258.44</ele>
</trkpt>
<trkpt lat="27.992980" lon="86.842221">
	<ele>5260.64</ele>
</trkpt>
<trkpt lat="27.993163" lon="86.842420">
	<ele>5255.00</ele>
</trkpt>
<trkpt lat="27.993441" lon="86.842483">
	<ele>5255.61</ele>
</trkpt>
<trkpt lat="27.993635" lon="86.842594">
	<ele>5254.51</ele>
</trkpt>
<trkpt lat="27.993841" lon="86.842681">
	<ele>5254.58</ele>
</trkpt>
<trkpt lat="27.994105" lon="86.842749">
	<ele>5255.54</ele>
</trkpt>
<trkpt lat="27.994422" lon="86.842906">
	<ele>5254.35</ele>
</trkpt>
<trkpt lat="27.994478" lon="86.842950">
	<ele>5253.92</ele>
</trkpt>
<trkpt lat="27.994791" lon="86.843194">
	<ele>5253.15</ele>
</trkpt>
<trkpt lat="27.995039" lon="86.843253">
	<ele>5254.80</ele>
</trkpt>
<trkpt lat="27.995287" lon="86.843311">
	<ele>5256.40</ele>
</trkpt>
<trkpt lat="27.995613" lon="86.843505">
	<ele>5257.89</ele>
</trkpt>
<trkpt lat="27.995920" lon="86.843772">
	<ele>5259.57</ele>
</trkpt>
<trkpt lat="27.995969" lon="86.843798">
	<ele>5260.23</ele>
</trkpt>
<trkpt lat="27.995969" lon="86.843797">
	<ele>5260.23</ele>
</trkpt>
<trkpt lat="27.996204" lon="86.843917">
	<ele>5264.68</ele>
</trkpt>
<trkpt lat="27.996488" lon="86.844061">
	<ele>5271.56</ele>
</trkpt>
<trkpt lat="27.996772" lon="86.844205">
	<ele>5276.30</ele>
</trkpt>
<trkpt lat="27.997070" lon="86.844410">
	<ele>5276.84</ele>
</trkpt>
<trkpt lat="27.997349" lon="86.844525">
	<ele>5276.86</ele>
</trkpt>
<trkpt lat="27.997382" lon="86.844672">
	<ele>5274.99</ele>
</trkpt>
<trkpt lat="27.997638" lon="86.845029">
	<ele>5274.01</ele>
</trkpt>
<trkpt lat="27.997666" lon="86.845051">
	<ele>5274.28</ele>
</trkpt>
<trkpt lat="27.997801" lon="86.845158">
	<ele>5275.54</ele>
</trkpt>
<trkpt lat="27.998008" lon="86.845473">
	<ele>5272.97</ele>
</trkpt>
<trkpt lat="27.998215" lon="86.845787">
	<ele>5268.99</ele>
</trkpt>
<trkpt lat="27.998079" lon="86.845916">
	<ele>5265.92</ele>
</trkpt>
<trkpt lat="27.998046" lon="86.846009">
	<ele>5265.05</ele>
</trkpt>
<trkpt lat="27.997926" lon="86.846058">
	<ele>5264.42</ele>
</trkpt>
<trkpt lat="27.997796" lon="86.846163">
	<ele>5264.22</ele>
</trkpt>
<trkpt lat="27.997725" lon="86.846335">
	<ele>5264.76</ele>
</trkpt>
<trkpt lat="27.997703" lon="86.846637">
	<ele>5266.70</ele>
</trkpt>
<trkpt lat="27.997664" lon="86.846818">
	<ele>5268.56</ele>
</trkpt>
<trkpt lat="27.997616" lon="86.847032">
	<ele>5271.79</ele>
</trkpt>
<trkpt lat="27.997665" lon="86.847346">
	<ele>5276.71</ele>
</trkpt>
<trkpt lat="27.997899" lon="86.847537">
	<ele>5277.96</ele>
</trkpt>
<trkpt lat="27.997921" lon="86.847826">
	<ele>5276.81</ele>
</trkpt>
<trkpt lat="27.998128" lon="86.848067">
	<ele>5273.82</ele>
</trkpt>
<trkpt lat="27.998253" lon="86.848341">
	<ele>5271.92</ele>
</trkpt>
<trkpt lat="27.998334" lon="86.848518">
	<ele>5272.00</ele>
</trkpt>
<trkpt lat="27.998378" lon="86.848615">
	<ele>5272.32</ele>
</trkpt>
<trkpt lat="27.998536" lon="86.848584">
	<ele>5272.88</ele>
</trkpt>
<trkpt lat="27.998780" lon="86.848795">
	<ele>5273.93</ele>
</trkpt>
<trkpt lat="27.998750" lon="86.848984">
	<ele>5273.55</ele>
</trkpt>
<trkpt lat="27.998762" lon="86.849026">
	<ele>5273.45</ele>
</trkpt>
<trkpt lat="27.998798" lon="86.849145">
	<ele>5273.07</ele>
</trkpt>
<trkpt lat="27.998900" lon="86.849281">
	<ele>5272.33</ele>
</trkpt>
<trkpt lat="27.998931" lon="86.849454">
	<ele>5271.18</ele>
</trkpt>
<trkpt lat="27.999127" lon="86.849707">
	<ele>5269.75</ele>
</trkpt>
<trkpt lat="27.999238" lon="86.849851">
	<ele>5269.49</ele>
</trkpt>
<trkpt lat="27.999323" lon="86.849960">
	<ele>5269.57</ele>
</trkpt>
<trkpt lat="27.999365" lon="86.850142">
	<ele>5269.75</ele>
</trkpt>
<trkpt lat="27.999715" lon="86.850442">
	<ele>5271.32</ele>
</trkpt>
<trkpt lat="27.999922" lon="86.850582">
	<ele>5272.55</ele>
</trkpt>
<trkpt lat="28.000106" lon="86.850782">
	<ele>5274.88</ele>
</trkpt>
<trkpt lat="28.000252" lon="86.850872">
	<ele>5277.41</ele>
</trkpt>
<trkpt lat="28.000370" lon="86.851192">
	<ele>5280.01</ele>
</trkpt>
<trkpt lat="28.000587" lon="86.851306">
	<ele>5282.23</ele>
</trkpt>
<trkpt lat="28.000540" lon="86.851462">
	<ele>5281.37</ele>
</trkpt>
<trkpt lat="28.000682" lon="86.851714">
	<ele>5281.31</ele>
</trkpt>
<trkpt lat="28.000944" lon="86.851957">
	<ele>5280.78</ele>
</trkpt>
<trkpt lat="28.000994" lon="86.852160">
	<ele>5279.71</ele>
</trkpt>
<trkpt lat="28.001026" lon="86.852290">
	<ele>5279.46</ele>
</trkpt>
<trkpt lat="28.001189" lon="86.852508">
	<ele>5281.35</ele>
</trkpt>
<trkpt lat="28.001241" lon="86.852733">
	<ele>5285.50</ele>
</trkpt>
<trkpt lat="28.001482" lon="86.852950">
	<ele>5292.13</ele>
</trkpt>
<trkpt lat="28.001704" lon="86.853295">
	<ele>5298.63</ele>
</trkpt>
<trkpt lat="28.001830" lon="86.853520">
	<ele>5299.31</ele>
</trkpt>
<trkpt lat="28.001956" lon="86.853745">
	<ele>5298.64</ele>
</trkpt>
<trkpt lat="28.002188" lon="86.853769">
	<ele>5298.40</ele>
</trkpt>
<trkpt lat="28.002297" lon="86.853978">
	<ele>5298.96</ele>
</trkpt>
<trkpt lat="28.002321" lon="86.854241">
	<ele>5300.29</ele>
</trkpt>
<trkpt lat="28.002345" lon="86.854504">
	<ele>5302.44</ele>
</trkpt>
<trkpt lat="28.002518" lon="86.854730">
	<ele>5305.04</ele>
</trkpt>
<trkpt lat="28.002630" lon="86.854841">
	<ele>5306.60</ele>
</trkpt>
<trkpt lat="28.002671" lon="86.854968">
	<ele>5307.79</ele>
</trkpt>
<trkpt lat="28.002833" lon="86.855105">
	<ele>5310.09</ele>
</trkpt>
<trkpt lat="28.002814" lon="86.855246">
	<ele>5310.79</ele>
</trkpt>
<trkpt lat="28.002979" lon="86.855451">
	<ele>5313.40</ele>
</trkpt>
<trkpt lat="28.003145" lon="86.855657">
	<ele>5315.81</ele>
</trkpt>
<trkpt lat="28.003391" lon="86.855770">
	<ele>5317.81</ele>
</trkpt>
<trkpt lat="28.003436" lon="86.856043">
	<ele>5320.06</ele>
</trkpt>
<trkpt lat="28.003481" lon="86.856317">
	<ele>5322.51</ele>
</trkpt>
<trkpt lat="28.003618" lon="86.856435">
	<ele>5322.51</ele>
</trkpt>
<trkpt lat="28.003676" lon="86.856628">
	<ele>5322.84</ele>
</trkpt>
<trkpt lat="28.003804" lon="86.856697">
	<ele>5321.35</ele>
</trkpt>
<trkpt lat="28.003998" lon="86.856945">
	<ele>5319.67</ele>
</trkpt>
<trkpt lat="28.004043" lon="86.857129">
	<ele>5319.99</ele>
</trkpt>
<trkpt lat="28.004047" lon="86.857353">
	<ele>5321.04</ele>
</trkpt>
<trkpt lat="28.004043" lon="86.857129">
	<ele>5319.99</ele>
</trkpt>
<trkpt lat="28.004243" lon="86.857431">
	<ele>5320.44</ele>
</trkpt>
<trkpt lat="28.004443" lon="86.857733">
	<ele>5322.00</ele>
</trkpt>
<trkpt lat="28.004380" lon="86.857975">
	<ele>5323.34</ele>
</trkpt>
</trkseg>
</trk>
</gpx>
